hour,cooling_kW
0,0.5078896172736127
1,0.4388840837681423
2,0.3708144783412641
3,0.3089973294673721
4,0.25163946635296497
5,0.18654812596608283
6,0.5538099413300186
7,0.7007178414922172
8,1.059740537237227
9,1.5924337548360852
10,1.6911772960059868
11,1.493979398456403
12,1.4650188123257522
13,1.497668054150173
14,1.4419367063480801
15,1.2985056583835297
16,1.1333910026621228
17,1.0303662634451514
18,1.2333895630788996
19,1.271925332266791
20,1.3004178087787677
21,1.3081761146013215
22,1.3183331046647389
23,0.9322839187759037
24,0.49125567107985185
25,0.4130584069184922
26,0.32810112830425836
27,0.25490684733728336
28,0.1951925020302971
29,0.15546503058496738
30,0.5254735966376272
31,0.4280125139136175
32,0.7096901914510421
33,1.0657916402979692
34,1.19999758594426
35,1.327677185766921
36,1.4255498056005789
37,1.429525590802841
38,1.3174050838463622
39,1.162000913617373
40,0.9898272665724558
41,1.1099656132722386
42,1.3275607714044537
43,1.3766480490693727
44,1.4064537872665432
45,1.432415090835675
46,1.4103432060047456
47,1.0267941602969142
48,0.6139910751537407
49,0.555798683458558
50,0.5085504189818048
51,0.44642535955438417
52,0.37903275688355703
53,0.3172012048635659
54,0.6616448322962519
55,0.6328920100490968
56,1.058838320604718
57,1.6713090222258797
58,1.7601374396143368
59,1.722170254866688
60,1.7953441037984836
61,1.8398430667928134
62,1.8278573890580325
63,1.680856956510306
64,1.3861941337440906
65,1.4846627435016746
66,1.7811153897395813
67,1.8823079421813798
68,1.932577649663839
69,1.9604065975104414
70,1.8961681515740108
71,1.4397177503142322
72,0.9450528026718081
73,0.8063274904279665
74,0.6965134664455299
75,0.6053196355318086
76,0.522065366046504
77,0.4467171616304445
78,0.7726526333919983
79,0.8335128241723023
80,1.3444636667143934
81,1.8199580838339833
82,1.819301570837678
83,1.7663273735999299
84,1.809735877251515
85,1.795152528939321
86,1.72894005946042
87,1.5989887856279064
88,1.2784882190239288
89,1.3767573228847705
90,1.6484839257377162
91,1.722368602633905
92,1.756123835755735
93,1.7699566725626212
94,1.7016798349974918
95,1.2519235017841637
96,0.7737179917209199
97,0.6462558345006446
98,0.5368033548153692
99,0.4543783062361929
100,0.3642048607092717
101,0.26504689608852766
102,0.561933693448945
103,0.49351573939226895
104,0.8579409420230882
105,1.3873202223563286
106,1.4552595926221001
107,1.4307365523402402
108,1.5173508017600499
109,1.5509656275294539
110,1.511024030753948
111,1.349585351606677
112,1.0252918774244446
113,1.1102710345467484
114,1.3576178134661654
115,1.430881180968116
116,1.4623977882939627
117,1.479695002999996
118,1.4275576959410763
119,1.009673172590461
120,0.5548524044186209
121,0.4564479494320367
122,0.3678165180938375
123,0.2662875655876308
124,0.1492630477172278
125,0.07630349534655376
126,0.32668040713717295
127,0.16731484089743293
128,0.3726419524049473
129,0.8834288411907574
130,1.0618591002637143
131,1.1361593292525725
132,1.2581803339636801
133,1.2783736841745768
134,1.2110792092629101
135,1.099149131350888
136,0.9033371575945099
137,1.0107329338015965
138,1.2504830784735348
139,1.3206326294335882
140,1.3557555136999602
141,1.3830508991865862
142,1.3370284414093343
143,0.9276165711766466
144,0.5260725562989672
145,0.44083024243927665
146,0.340969957813632
147,0.2363587694781229
148,0.12483369826421838
149,0.015669476916706213
150,0.32387107484401373
151,0.5631711386760774
152,1.127151486063617
153,1.6828499746389158
154,1.748048225115441
155,1.7317434029721468
156,1.8227816406342274
157,1.8532710180751322
158,1.8082304714735864
159,1.6582884425723106
160,1.345154938815114
161,1.2476732875154706
162,1.536413837660196
163,1.6166599568451356
164,1.654672904632286
165,1.682954988305014
166,1.6959650588185162
167,1.258649445008971
168,0.794888658413216
169,0.6745234726066245
170,0.5763932548241675
171,0.5007197162896019
172,0.4164827160735251
173,0.3168753821745442
174,0.6380041967158839
175,0.8658534918646947
176,1.4396670034975594
177,1.9462916001031418
178,1.982824716439081
179,1.9289042620951142
180,1.9826185195425234
181,2.0064796659838877
182,1.9688507212296802
183,1.821328843879123
184,1.4833212725458373
185,1.366137873437596
186,1.6467553526058947
187,1.7324706762877815
188,1.763120942909885
189,1.7736263351902355
190,1.7852361347176708
191,1.334881256669391
192,0.8228190819355394
193,0.6920146077011967
194,0.5865244528009596
195,0.5002938820604692
196,0.4126571973167166
197,0.30400883117671884
198,0.6133703216390676
199,0.6646868064983597
200,1.2040661807954938
201,1.7294492602610296
202,1.7591319036147224
203,1.7063153189387688
204,1.7518508758329026
205,1.7504177931252742
206,1.7091510733917576
207,1.5811471520512856
208,1.2584562305918015
209,1.3547821693765014
210,1.6450781023453567
211,1.7431918794578363
212,1.7978552646249517
213,1.8301559584059857
214,1.772584782033042
215,1.326550104606995
216,0.8461426991304359
217,0.7133639314450202
218,0.6025999691848205
219,0.5130699700708459
220,0.4235222641378586
221,0.31202780070535047
222,0.6110112576004922
223,0.6639119087352063
224,1.2115213869134052
225,1.7520636891379953
226,1.797648988947378
227,1.7220209908876696
228,1.747761682825062
229,1.7836737246641323
230,1.7629274427671753
231,1.6150674410661279
232,1.2792840431789505
233,1.3819005409055107
234,1.678235621770112
235,1.777290273550893
236,1.823486187396138
237,1.8559751313900241
238,1.802173711810292
239,1.3552966782361948
240,0.8800521168740515
241,0.7575111955848546
242,0.6493902284563182
243,0.5596822393492625
244,0.4799228842298981
245,0.3953705156989149
246,0.7114463606174044
247,0.7706817427349952
248,1.3094703257311848
249,1.7791927575887412
250,1.720804434216746
251,1.557856968619292
252,1.4835507741871345
253,1.529545172877436
254,1.5974621696546971
255,1.5122135585291083
256,1.2746416649393488
257,1.3812846109893853
258,1.6725803845513567
259,1.7777499170284536
260,1.8514003394730136
261,1.904800100743131
262,1.8659661137762698
263,1.4347872145881264
264,0.9697110934683215
265,0.8490125535222416
266,0.7464760378311629
267,0.6620943376607157
268,0.589027534452976
269,0.5241875449404301
270,0.8453863199391098
271,0.9403831510784961
272,1.5126452109462534
273,2.0211516165518195
274,2.047976717230119
275,2.0087666793544945
276,2.0577750537575255
277,2.1082579591075734
278,2.104769947023926
279,1.9703354808691813
280,1.6336019215210245
281,1.7316908191186715
282,2.0537821003680796
283,2.175123250644279
284,2.2337228053290787
285,2.264434070280377
286,2.202778643702007
287,1.7408848289256564
288,1.2515982061928692
289,1.116514546046657
290,0.9858851242371156
291,0.865028988034518
292,0.7486871427584637
293,0.6456330256714649
294,0.9810013647472442
295,1.102158248232825
296,1.6508452976112924
297,2.1751901994231444
298,2.216054297846479
299,2.167795516810187
300,2.1961052833492727
301,2.1975656705938853
302,2.1711264123150333
303,2.073639628409182
304,1.869894959366339
305,1.8645771911950777
306,2.171555546328829
307,2.2935656568755145
308,2.3560810051414443
309,2.3900505388171003
310,2.3408166393258996
311,1.8758335815546332
312,1.4063936308344838
313,1.274624210680073
314,1.1538246365713754
315,1.0387741037112426
316,0.9412461470331521
317,0.8462665319992065
318,1.1734246896404064
319,1.3739098418343163
320,1.792078858787638
321,2.279366107929016
322,2.323441824917338
323,2.3008639309420094
324,2.4097319445629024
325,2.3750064685267023
326,2.101065220123697
327,1.9095437099821913
328,1.8398405244503535
329,1.6821599368616333
330,1.899254132130689
331,1.921349040295041
332,1.9323875608628514
333,1.9227400064165243
334,1.9093808883011807
335,1.4494432004246043
336,0.9601391610814971
337,0.8421572095484657
338,0.7445208322081941
339,0.6702560699170079
340,0.6139238951418841
341,0.5486071949041743
342,0.8989891061408258
343,0.9982906898371151
344,1.2984675962251122
345,1.7153581402035263
346,1.7669631515176598
347,1.7246770149528485
348,1.6926389242685598
349,1.437096926712189
350,1.2524036134480372
351,1.1626415205929523
352,1.0421339293041125
353,0.9297909608804416
354,1.0875739505510675
355,1.114995359460921
356,1.1221769817642502
357,1.131641603942111
358,1.1604468245990844
359,0.7621684105345649
360,0.30971643211633176
361,0.2023589338501947
362,0.1080561862769441
363,0.017455945632184826
364,0.0
365,0.0
366,0.2011408024013733
367,0.1770634262903681
368,0.4783921157135467
369,0.9119814380421388
370,1.0389654661178631
371,1.0621628611847849
372,0.9991059483046484
373,0.9991626511572745
374,1.0277671002915334
375,0.8858350510956601
376,0.7731045136540665
377,0.8769728823735805
378,1.070611463761095
379,1.1423528895102553
380,1.180113773070129
381,1.2044840666985475
382,1.1598454263305993
383,0.7698206380668277
384,0.34087111398430314
385,0.24338618459193898
386,0.15014840764350143
387,0.06996152166482529
388,0.005963746363196254
389,0.0
390,0.25777095891786145
391,0.36621764269007195
392,0.9880004970385571
393,1.615326302062016
394,1.7142068044254686
395,1.695826637710036
396,1.7621449420849695
397,1.807847673343382
398,1.7846925394038664
399,1.701986632796966
400,1.5369427956654393
401,1.5697840058976926
402,1.9026175952541644
403,2.0520340538978368
404,2.1530619626745047
405,2.215482256101845
406,2.1955627271531917
407,1.7780619119331302
408,1.3087341571717908
409,1.2004860598250942
410,1.1073998179046092
411,1.0220011722210742
412,0.9256541769121205
413,0.843660014422927
414,1.175170184760201
415,1.0634208873324744
416,1.2793673840501205
417,1.4849582339392375
418,1.5382057462575969
419,1.5078803171424127
420,1.428481725958647
421,1.4091378007386417
422,1.3787768229601285
423,1.2365164361924714
424,1.0704104033916686
425,1.1148295016452803
426,1.3249927465065972
427,1.324642132498864
428,1.31259295535766
429,1.3184328561689118
430,1.256206282883742
431,0.8487511778900443
432,0.41884516217962275
433,0.30659475685808957
434,0.1793951673770565
435,0.08274966227945164
436,0.015808559881001192
437,0.0
438,0.18724614454768543
439,0.0025116348327582708
440,0.09811692910038396
441,0.4813297251281417
442,0.7229704210498648
443,0.9491725229726239
444,1.104863165248322
445,1.1615258651177576
446,1.1455403947097837
447,1.065130861470974
448,0.9426082176249764
449,1.0204610064415924
450,1.2722677850083963
451,1.3679964763582773
452,1.4367874196255754
453,1.4879680870749146
454,1.449689530853299
455,1.0464824191419728
456,0.6247765199891334
457,0.5456061561070014
458,0.48065357220143756
459,0.41933890263342
460,0.3411708097305712
461,0.2576054785757694
462,0.5600625393845389
463,0.3870801731970867
464,0.4651390262905181
465,0.8419364588063412
466,1.0955709854546634
467,1.2671839160953215
468,1.4721780610708413
469,1.5522928785881605
470,1.5265849895682586
471,1.4396135452982588
472,1.2274099765201052
473,1.227317905775344
474,1.5057174923856849
475,1.5946900706994271
476,1.6469657424835193
477,1.6901102282596585
478,1.6402529780464685
479,1.204163415559734
480,0.766634335001474
481,0.653085655262003
482,0.5476676410190173
483,0.4584247880731528
484,0.3548024340278548
485,0.24323456556948886
486,0.5285134629535859
487,0.6045654779455212
488,0.8807442490698772
489,1.319758801005427
490,1.3992341539975188
491,1.355900101316105
492,1.4204990924876246
493,1.4318742057161955
494,1.3484556568115442
495,1.233290667660959
496,1.0677069967040345
497,0.8585387417228156
498,1.0475454120558432
499,1.0903355996422643
500,1.0969034135517917
501,1.084848895588828
502,1.0734637730084953
503,0.6474335264161447
504,0.180252728068838
505,0.02864373420304491
506,0.0
507,0.0
508,0.0
509,0.0
510,0.0
511,0.0
512,0.1668316356306333
513,0.650905289901429
514,0.8489527122090461
515,0.9485625139021746
516,1.0778756593187124
517,1.1525151851356634
518,1.1539555443645593
519,1.068212239346468
520,0.9303055546779666
521,0.7393765141355261
522,0.9437616859997484
523,1.020241710988128
524,1.0562286003526893
525,1.0676935830022338
526,1.0768046958094186
527,0.6530568012194281
528,0.14367467002209136
529,0.012769866538414235
530,0.0
531,0.0
532,0.0
533,0.0
534,0.0
535,0.0
536,0.20330414923933868
537,0.8277511586016227
538,0.9506749416213289
539,0.9537089535951317
540,1.0603889195167537
541,1.1409645362190997
542,1.1379829575130158
543,1.0686020131432195
544,0.9070144270147197
545,0.9244162694846467
546,1.1659474081759909
547,1.2651411779987514
548,1.3127865219258563
549,1.3417771559352163
550,1.286869075459929
551,0.8688589975504794
552,0.42002285105434334
553,0.3050575811011914
554,0.17456446662419658
555,0.04165636712581685
556,0.0
557,0.0
558,0.07145470228958167
559,0.1567254821962065
560,0.70611667600596
561,1.317824071278779
562,1.4155458590328234
563,1.3876178463176736
564,1.442255076177286
565,1.4645655246922997
566,1.4337533324625837
567,1.3586115462295318
568,1.1896334797258485
569,1.1791119480791379
570,1.465192686089605
571,1.5724309121230116
572,1.6377383583393474
573,1.6794386710602527
574,1.6380470707399062
575,1.2109420487734515
576,0.7515914585885324
577,0.6368493224435334
578,0.5230247532165465
579,0.44261970582131216
580,0.3497136094363509
581,0.22719714272736896
582,0.5363278822877487
583,0.6060325851633955
584,1.181849233704799
585,1.7328055491064234
586,1.7643489419361058
587,1.674958364289064
588,1.7057449957296515
589,1.7406100963813527
590,1.7156232449119226
591,1.627295549797369
592,1.4592370672086579
593,1.4704805372216831
594,1.7656609348909258
595,1.879616421711279
596,1.949869580999588
597,1.9935129286853888
598,1.9410295648628335
599,1.4932320418944138
600,1.0098187108166725
601,0.870761568365645
602,0.7584567635106069
603,0.6588930788520017
604,0.5613599742378725
605,0.4809400596045754
606,0.8036302431346539
607,0.8506463041101329
608,1.3780556270575128
609,1.9104877303818113
610,1.9432222138319932
611,1.8636932745889392
612,1.9196575437503214
613,1.964695430835878
614,1.9184207021323136
615,1.818854531320234
616,1.6799140052463328
617,1.7009633198643812
618,2.0057452576800325
619,2.142446910837512
620,2.219276801469152
621,2.26667304322721
622,2.2338089153350573
623,1.7937789367813863
624,1.3125398708958111
625,1.1745531968816953
626,1.053783830895234
627,0.9481755735290186
628,0.8450000956389404
629,0.7500405409799644
630,1.0858017526776667
631,1.2305462684398452
632,1.7993188736211396
633,2.2920040649481743
634,2.293987622111084
635,2.2013011073767546
636,2.266015891721803
637,2.320111911113838
638,2.3237761688475445
639,2.2528430284454375
640,2.051557845188815
641,2.0282877087385263
642,2.3296622993100695
643,2.436616807022824
644,2.5008476986712345
645,2.537904946834875
646,2.4754734714650226
647,2.002950878757144
648,1.5170979746494893
649,1.3514955167052547
650,1.2078199563576568
651,1.0847902244792573
652,0.958720531826566
653,0.8441215609699758
654,1.1668985816149002
655,1.4336529783022762
656,1.9724639967894235
657,2.435195016032248
658,2.447291998901763
659,2.349826792637217
660,2.391705909414366
661,2.4054839522124007
662,2.3447809684499585
663,2.229106639878802
664,2.001224042365989
665,1.7259322207928545
666,1.9703080602841756
667,2.0289130573749525
668,2.0283460884026483
669,2.0182536924528582
670,2.0035580965504844
671,1.5206359844186144
672,1.0121419733002035
673,0.8624658978262486
674,0.7387355136061612
675,0.6271418992641176
676,0.5352792728534426
677,0.45602848706137294
678,0.7728720144941229
679,1.0012499152496719
680,1.5404119311502815
681,2.0144256642821365
682,2.010576996842764
683,1.9135999157681833
684,1.9157753306234162
685,1.909283504737661
686,1.8927899999562852
687,1.8339243213031176
688,1.6575509176310992
689,1.4194540171621066
690,1.6779018681431046
691,1.75865703955422
692,1.7946465014254107
693,1.8086515772359817
694,1.8193798840844273
695,1.3591075549082208
696,0.8435575957061803
697,0.7175943885954642
698,0.6088595084660879
699,0.5144701820562345
700,0.42796913813301396
701,0.3424984754889376
702,0.6644667685859271
703,0.7214509783094741
704,1.2404062248739927
705,1.7400437466916245
706,1.7602145451381348
707,1.6702343289054367
708,1.7161091078579713
709,1.7484403300814257
710,1.7199628610011768
711,1.6334799113628384
712,1.4541770883708904
713,1.44404573305786
714,1.721687724318589
715,1.8264753917816527
716,1.8867684836726442
717,1.9205005894287133
718,1.862891843895936
719,1.4135932805369722
720,0.9377419259667716
721,0.8230760823098648
722,0.7183437402936969
723,0.6267310534196525
724,0.5325538844579819
725,0.45079866885134723
726,0.7783909117353361
727,0.87192723864585
728,1.4093096119973305
729,1.8848856445717368
730,1.898358197847525
731,1.8340576629602194
732,1.8886865492794433
733,1.9266700259400895
734,1.9102099051598616
735,1.833771988470453
736,1.665893189827928
737,1.66017573684164
738,1.955622557162258
739,2.0784690768806757
740,2.1575497404218065
741,2.198391702059918
742,2.1517913575475407
743,1.7012087345363425
744,1.1671477997971562
745,1.0231792474143657
746,0.9157984162944091
747,0.7954626187694843
748,0.6798980260045964
749,0.5782677134254346
750,0.8896609547911043
751,0.8619047130759873
752,1.2822708390871567
753,1.803503920070328
754,1.8480649725052882
755,1.7905984480540185
756,1.6977386638932022
757,1.7058133146917942
758,1.7224310783019883
759,1.505713274569336
760,1.3070311044954086
761,1.2948293309339365
762,1.4653213710708195
763,1.5010726480704417
764,1.5213785277129628
765,1.480744787066443
766,1.4081978345533925
767,1.0005548007246696
768,0.5365718478795118
769,0.4336517102274404
770,0.3691547002495995
771,0.2792192507047988
772,0.18696401674471472
773,0.0919283027711849
774,0.37766082278995305
775,0.16571077671274023
776,0.30538544775030135
777,0.6410441507620259
778,0.7504278366082107
779,0.828763773741838
780,0.8140590138554904
781,0.7954161769565379
782,0.7709182663628534
783,0.7324324397778079
784,0.6830057607126345
785,0.8399962128894448
786,1.063472607587499
787,1.1738742798706197
788,1.2416177793683663
789,1.2443916486622948
790,1.2094061117919772
791,0.8453742787802062
792,0.39950586366103813
793,0.3080249996986051
794,0.2262341095475995
795,0.12004555496260844
796,0.0182318397596382
797,0.0
798,0.22452713559647236
799,0.2735712251563925
800,0.7586512491784575
801,1.2081562112318605
802,1.2535891008792348
803,1.2880714149588037
804,1.3520368283087956
805,1.3644427631474518
806,1.3276881400982523
807,1.2473273201882085
808,1.0746485628719358
809,1.0792117300066018
810,1.3081624767167275
811,1.3814331517417842
812,1.4214249391998925
813,1.4347174640700797
814,1.3714431315916424
815,0.9434743879740539
816,0.5211956272723905
817,0.4259411538670597
818,0.3229062881991202
819,0.21124958712093989
820,0.0917352314248364
821,0.003118515074974676
822,0.2611775665205988
823,0.3723490999949569
824,0.6967522624082958
825,1.122524808501211
826,1.1929777734271754
827,1.2327937037299643
828,1.3515430674786924
829,1.4183403308942197
830,1.4122632587414865
831,1.3379758223426546
832,1.1947831702588507
833,1.0050850214932674
834,1.2106818387481317
835,1.272957300069849
836,1.3064073003504248
837,1.3200023580771998
838,1.3456294124019617
839,0.928006898023126
840,0.48421950204655073
841,0.3784166306279992
842,0.2586376824854366
843,0.1262115565935997
844,0.012830074996903895
845,0.0
846,0.1787262173936509
847,0.43860416200333135
848,1.0024091995464286
849,1.5552012440330858
850,1.643243984538576
851,1.6022948781986015
852,1.6722934427627067
853,1.715698990438467
854,1.6796480543589767
855,1.5766240590473937
856,1.3874806505689283
857,1.162019536744528
858,1.4083317032556326
859,1.490143852171205
860,1.534637521072055
861,1.5539154295927353
862,1.5792475995683615
863,1.1475363737874866
864,0.6505109672741028
865,0.5406152467322234
866,0.4485593158262203
867,0.350501019948737
868,0.2402750240897844
869,0.11771610407551034
870,0.42759881598409955
871,0.5128966712908732
872,1.0838662959012488
873,1.6068027903670397
874,1.6570421393904535
875,1.587495817191592
876,1.6297780595432103
877,1.663244688234202
878,1.6462702281554633
879,1.5688020934173585
880,1.3969323675726892
881,1.3908334767999448
882,1.6773531279232112
883,1.7988803005001273
884,1.879542150337183
885,1.9257361591500703
886,1.88178359545914
887,1.4384998768336352
888,0.9511436908657789
889,0.8234844584843232
890,0.7113438221439056
891,0.6102743843384318
892,0.5266356203856273
893,0.45778666991309963
894,0.7799419274882761
895,0.7556773391044077
896,1.182513085149669
897,1.74050794547066
898,1.8390653823246192
899,1.7793701219783054
900,1.8312519856617746
901,1.8854683841580053
902,1.8904529688651535
903,1.7916291759704865
904,1.6314911090060216
905,1.64999305127952
906,1.939464431221255
907,2.067411814138067
908,2.1532298696408527
909,2.2025498685518694
910,2.162682516732458
911,1.7166810592041328
912,1.2217179415975685
913,1.0873786639897207
914,0.9738080380163733
915,0.8712048305577479
916,0.7762971060857374
917,0.6888046243631867
918,0.9887355857904444
919,0.8240403031046399
920,0.8814803128571771
921,1.2044738115227815
922,1.4425162497580228
923,1.5424085961199792
924,1.5380251183585405
925,1.561185829189664
926,1.4502536355432991
927,1.204131972123264
928,1.0725429285350272
929,1.219558797911852
930,1.403388984080292
931,1.4711546512621962
932,1.5446145125506454
933,1.5136330372073474
934,1.4745576403196434
935,1.1033221137608729
936,0.6478155807952983
937,0.5614009879281057
938,0.48821497257875573
939,0.377164504934098
940,0.3102973773583972
941,0.25647374683757135
942,0.5597228843198242
943,0.6417841852987602
944,1.2710318882348217
945,1.6545074481539241
946,1.6931903954662837
947,1.6983247525428868
948,1.6103776989714254
949,1.6322360956675324
950,1.6464897527914388
951,1.4196098083596735
952,1.1994226370869858
953,1.1891029072470294
954,1.3443482131595337
955,1.3754294887513328
956,1.396498633228745
957,1.3557582915777637
958,1.280516854254218
959,0.8915349567587799
960,0.44953752965738225
961,0.33461258764125296
962,0.22125522475440645
963,0.09568793818270081
964,0.0036763278350219154
965,0.0
966,0.16241398967072804
967,0.2545617137845983
968,0.803552011473444
969,1.3395285895942286
970,1.3948938452918855
971,1.339672720491773
972,1.408030558080771
973,1.4576041248171703
974,1.4374903956258223
975,1.371495158789202
976,1.240343293700035
977,1.2986122659361652
978,1.5824408465005426
979,1.7031008818474838
980,1.7814116406904474
981,1.823668696977922
982,1.784674394671585
983,1.3536919476918923
984,0.9061214315682149
985,0.7874108990783376
986,0.6818071726580277
987,0.5911744979510931
988,0.523239545383923
989,0.4585254732117085
990,0.7808272056933956
991,0.9481748607439617
992,1.299755762457504
993,1.7381297111274032
994,1.8376327784070574
995,1.7916643279007174
996,1.843346354515261
997,1.874098375797397
998,1.88101840506347
999,1.8391182007154192
1000,1.7232160758256352
1001,1.5804291784574223
1002,1.8855092759868928
1003,2.0213126031596222
1004,2.1071293290879516
1005,2.1542502631644727
1006,2.195638634327245
1007,1.7527014756395638
1008,1.2587311716341458
1009,1.121614582800534
1010,0.9984675728153646
1011,0.8869576730180817
1012,0.7860570231580458
1013,0.6932934641291459
1014,1.040823546281101
1015,1.3651147110861985
1016,1.9258089767594375
1017,2.363012673713484
1018,2.355956442771943
1019,2.2589293000239414
1020,2.3182238271327984
1021,2.3808901927979114
1022,2.377892481682374
1023,2.316553815156733
1024,2.184020083822357
1025,2.0240458322708648
1026,2.3447123393318323
1027,2.4827035368303947
1028,2.5635204386656985
1029,2.5989272312629073
1030,2.6255300095679237
1031,2.163258640637998
1032,1.6201070678327918
1033,1.4628936058646893
1034,1.327330223038747
1035,1.205893066683604
1036,1.0894675470533368
1037,0.9832019353159199
1038,1.2755688262722125
1039,1.1964222467220198
1040,1.5485720432413161
1041,2.002093962078065
1042,2.010772529694546
1043,1.9410292950452004
1044,1.972706046221424
1045,2.0435454817400847
1046,2.0716226726548466
1047,2.0005244659601757
1048,1.8750307222281064
1049,1.9423556984100894
1050,2.2597116339439123
1051,2.401575507939055
1052,2.4842203982644273
1053,2.529445933849442
1054,2.4918318244733877
1055,2.043152095052098
1056,1.5399408993490022
1057,1.4059984000140018
1058,1.2913993166461892
1059,1.1689105860890496
1060,1.0609368364959721
1061,0.967242551051731
1062,1.2750108730715486
1063,1.307007387285231
1064,1.7697754157927656
1065,2.0022851186271926
1066,1.9794306480549313
1067,1.993570881238683
1068,1.8830076947158696
1069,1.8932770345587253
1070,1.886872058313463
1071,1.6632072495076116
1072,1.4869886605915434
1073,1.5321988551426695
1074,1.7016526812904855
1075,1.74421257258847
1076,1.7755604284105946
1077,1.7432830627054894
1078,1.6675523485788082
1079,1.2379649960021295
1080,0.7371289473303414
1081,0.6315397957184886
1082,0.5645478352211228
1083,0.4944192366857247
1084,0.4288925136009016
1085,0.35510044579452144
1086,0.6574598913305006
1087,0.5415373097525784
1088,0.8607423341180073
1089,1.1318675423048528
1090,1.0926428596523732
1091,1.1784699768045346
1092,1.1546062354131137
1093,1.2309024932772785
1094,1.3160920123414663
1095,1.1685677387474183
1096,1.0406209888840874
1097,1.13788867034705
1098,1.340738212570089
1099,1.4134384168708196
1100,1.4709278949159372
1101,1.4883014003761634
1102,1.4496686249332154
1103,1.0601870743410386
1104,0.6054463767564754
1105,0.5299349883191447
1106,0.47993827017376867
1107,0.40719048001000197
1108,0.3218233837018113
1109,0.22661546077054762
1110,0.5845918627361837
1111,0.873306642355736
1112,1.3196319358058082
1113,1.7594686535013389
1114,1.7524729052343107
1115,1.6570470029711608
1116,1.7046687318746343
1117,1.751646304185166
1118,1.7411522067967082
1119,1.675387590667119
1120,1.5368010509357604
1121,1.57749024685482
1122,1.873365041259054
1123,2.0055572830582467
1124,2.0898941967867444
1125,2.134430493531563
1126,2.0894945180189075
1127,1.6393950338254233
1128,1.14169193156222
1129,1.0012763037260548
1130,0.8822014779404286
1131,0.7735156246839475
1132,0.6659249686447548
1133,0.5648963643160875
1134,0.9421810652495946
1135,1.266805288571056
1136,1.6740734840388232
1137,2.0802107790702253
1138,2.0486954990892405
1139,1.9418601971842706
1140,1.9860787247557785
1141,2.0360336132879757
1142,2.0297407397655975
1143,1.961375641655577
1144,1.8149656588744931
1145,1.8404760111645986
1146,2.133570773570376
1147,2.2536014095402193
1148,2.318475570544212
1149,2.340057898375187
1150,2.2733456404675927
1151,1.7963668840322988
1152,1.2979516142943925
1153,1.136374240323865
1154,0.9929489594844582
1155,0.8614374948066963
1156,0.7473994548687432
1157,0.6465273542172232
1158,1.0125374671798313
1159,1.4342673265984915
1160,1.8236626224477683
1161,2.122895718625941
1162,2.090864032924216
1163,1.9858919571701963
1164,1.9811251292809193
1165,2.0507230923097293
1166,2.050324339636046
1167,1.9637646880982245
1168,1.7881086001352648
1169,1.578264591406584
1170,1.8303983002945907
1171,1.9131384038371286
1172,1.9472889094887504
1173,1.9476171141432606
1174,1.9509332763434106
1175,1.486124547333541
1176,0.9818595905913715
1177,0.8416840836717338
1178,0.7248418402784607
1179,0.6193348438073754
1180,0.5307035054025853
1181,0.4529640598608535
1182,0.8081782749745307
1183,1.2392061410736837
1184,1.674062978070911
1185,2.072517801584125
1186,2.038211546743197
1187,1.9270250798407351
1188,1.9656065683910582
1189,2.0121679780363113
1190,2.001197204466224
1191,1.933086831067941
1192,1.79645629675909
1193,1.6286770262651453
1194,1.9238214547230927
1195,2.0400683654229343
1196,2.1004979046545245
1197,2.1236311377428123
1198,2.1465698157326303
1199,1.6932572863059698
1200,1.1644021024471525
1201,1.0172798631726259
1202,0.8878750520789918
1203,0.7697192808618983
1204,0.6644415744905952
1205,0.5736013956701596
1206,0.9536841486863779
1207,1.2547829238380352
1208,1.6596246520660636
1209,2.06361361547895
1210,2.02508168994843
1211,1.9041948208628898
1212,1.9336153623631729
1213,1.98085629915307
1214,1.9751797591982483
1215,1.9119641494516055
1216,1.7770923041790885
1217,1.8186190952024923
1218,2.129959873300022
1219,2.2709694562227756
1220,2.357660008454192
1221,2.400507187989547
1222,2.3522543779541634
1223,1.892714281132946
1224,1.3823064225107138
1225,1.22806961129093
1226,1.0925409358227443
1227,0.9678578086137244
1228,0.8551533542246514
1229,0.752477532058277
1230,1.1185174669607867
1231,1.4362438826206698
1232,1.8520633756565292
1233,2.254420973043442
1234,2.2103600037923594
1235,2.080184735079379
1236,2.093196944889643
1237,2.1038453370001995
1238,2.0535324531558303
1239,1.9451419554315417
1240,1.7568995689097944
1241,1.744080218966125
1242,1.9912117969244165
1243,2.06995896206327
1244,2.0999740049732933
1245,2.095084657176438
1246,2.009787167666424
1247,1.5318582260271167
1248,1.0154958581846227
1249,0.8561363325781358
1250,0.7203514476267463
1251,0.5976508803363287
1252,0.49820996616939056
1253,0.41745452485422474
1254,0.765267369033405
1255,1.0169683102188105
1256,1.429297388362618
1257,1.8221169808752646
1258,1.7736847615438254
1259,1.6521666531526542
1260,1.672319608964118
1261,1.6969206218913733
1262,1.661373859033601
1263,1.5660772748880096
1264,1.4030831424093688
1265,1.4270205067945554
1266,1.6828975146999345
1267,1.7801084605330444
1268,1.832340405481308
1269,1.8520104000385476
1270,1.7929745149885647
1271,1.3463477577069294
1272,0.8603602060283125
1273,0.7330046322365661
1274,0.62369476886259
1275,0.5290238488927334
1276,0.447743664816547
1277,0.3587096123778365
1278,0.6995194930019405
1279,0.9771760233234704
1280,1.416038434844552
1281,1.8305915912701196
1282,1.7892227061767514
1283,1.669075580970337
1284,1.7003062709785972
1285,1.7436426460204186
1286,1.7318245291700156
1287,1.6656902808871628
1288,1.5290688082338784
1289,1.574915306595369
1290,1.8709885205970074
1291,2.00201552289309
1292,2.0783681567826404
1293,2.1130231986412347
1294,2.057533620574928
1295,1.5961539603460597
1296,1.0858806789917819
1297,0.931952812728173
1298,0.7979266792572075
1299,0.672555164166143
1300,0.562849868624477
1301,0.47224198957794195
1302,0.8415097222973112
1303,1.115079516604511
1304,1.5158460090992405
1305,1.907025862436614
1306,1.8741803409764255
1307,1.7558078610055419
1308,1.782991158143601
1309,1.8118419502937078
1310,1.79785036125471
1311,1.7331626407156702
1312,1.5974923324239125
1313,1.645654094460232
1314,1.9452216921210912
1315,2.0819293194709734
1316,2.17120256857667
1317,2.216059483566632
1318,2.1692442706142083
1319,1.7200250611888388
1320,1.2491621652509064
1321,1.1127682921881215
1322,0.9968517646497652
1323,0.8926262415246065
1324,0.7941310472152603
1325,0.7011479146161019
1326,1.0738502138412471
1327,1.5514518335147898
1328,2.008275961491301
1329,2.421275200433694
1330,2.4198559555469243
1331,2.315218604790205
1332,2.3699795770216836
1333,2.4387591554965087
1334,2.448280308556712
1335,2.3929933456328945
1336,2.2583308546933463
1337,2.0925910484306196
1338,2.40265974803824
1339,2.5349822377998663
1340,2.6061837441857483
1341,2.630357596314585
1342,2.6558727173859005
1343,2.1960273018165757
1344,1.67856466871124
1345,1.5210242258706028
1346,1.3809734453468743
1347,1.253690912034098
1348,1.1380480331801859
1349,1.0313290116729872
1350,1.377853856683174
1351,1.8033775907292369
1352,2.264121677962534
1353,2.706694444537833
1354,2.7114874652758663
1355,2.599991674135135
1356,2.6461983503307462
1357,2.6926190329449744
1358,2.677779084311985
1359,2.595853165107946
1360,2.4397628532459845
1361,2.2499954994503155
1362,2.537286300769091
1363,2.646974268692628
1364,2.6984746910613207
1365,2.708303500030955
1366,2.714238473991333
1367,2.235197803121594
1368,1.678496633244843
1369,1.5076533948617372
1370,1.3592725965070902
1371,1.2204253808216197
1372,1.0923250257382913
1373,0.9733661045421258
1374,1.3187806234137545
1375,1.6113533325554337
1376,2.042356884457561
1377,2.4621036620260077
1378,2.4536761901548756
1379,2.3457402408197643
1380,2.3825715342261473
1381,2.4404377705846096
1382,2.398720164400179
1383,2.3009094047139347
1384,2.1979651275073673
1385,2.268557417658364
1386,2.582324768600367
1387,2.7282345901819953
1388,2.819567675664266
1389,2.8684280949448815
1390,2.823306846566047
1391,2.3592384593943825
1392,1.8410337869129991
1393,1.6813515108333386
1394,1.541866024989532
1395,1.4115636824321955
1396,1.2859665493035024
1397,1.1663467501288687
1398,1.5174051884425444
1399,1.8669086296743587
1400,2.326491393836994
1401,2.7663474403044224
1402,2.7572748347146243
1403,2.629177705634565
1404,2.6732256221037987
1405,2.719312576024365
1406,2.714063592367273
1407,2.6478031747266506
1408,2.504333890142897
1409,2.5395884907975863
1410,2.856605576734194
1411,2.9902332264723666
1412,3.0600444551773216
1413,3.0748367868007827
1414,2.994083105659684
1415,2.4946849679902185
1416,1.9325470558059952
1417,1.7341024643012148
1418,1.5648735495451556
1419,1.4040689049326147
1420,1.251205430260674
1421,1.1125568880543486
1422,1.4501070057679928
1423,1.7871185010423098
1424,2.2244043919753427
1425,2.6340446351058775
1426,2.6090602159097833
1427,2.463483401142445
1428,2.4825070141790406
1429,2.518615362232345
1430,2.502519409162766
1431,2.426990617629069
1432,2.275235503729065
1433,2.3093467626100583
1434,2.626504493710025
1435,2.7736954273816083
1436,2.868516184412802
1437,2.905681147084688
1438,2.847137148571399
1439,2.375406319410065
1440,1.8518882905280853
1441,1.690587226845032
1442,1.5508058488697307
1443,1.42295634745388
1444,1.3065281565084101
1445,1.2018421225435616
1446,1.5269365399644375
1447,1.6113513668951436
1448,1.912498796045761
1449,2.2816485305420176
1450,2.2216502286315842
1451,2.1835661381612583
1452,2.2576910534762265
1453,2.2998267733993747
1454,2.2627675946411676
1455,2.1515088854317157
1456,2.0031870970375674
1457,2.071986685383805
1458,2.3615662345611295
1459,2.461377557783824
1460,2.5025642401484873
1461,2.513444135911574
1462,2.4335238192350563
1463,1.947053442708558
1464,1.421861611878345
1465,1.251527183364446
1466,1.1024485175890448
1467,0.9680646025222903
1468,0.8386018705322548
1469,0.7257446584404798
1470,1.0911003927900242
1471,1.3369907184764467
1472,1.6375993353458647
1473,1.995689169418198
1474,1.966674610893336
1475,1.8569844189801914
1476,1.8950731624895367
1477,1.9206117583657216
1478,1.8906921976790036
1479,1.8166971430495644
1480,1.7016741236922373
1481,1.7865040844627456
1482,2.083198945864397
1483,2.2009127627322935
1484,2.2635763170440435
1485,2.302338948642179
1486,2.2385392910424864
1487,1.765865590633056
1488,1.2809430069429848
1489,1.1193031019501378
1490,0.9794271717780565
1491,0.8494483027281089
1492,0.7348430188101999
1493,0.6358395693826119
1494,1.0121266767701178
1495,1.451716899082947
1496,1.8305003885892894
1497,2.1835379196145808
1498,2.1296309099759787
1499,2.000732970471102
1500,2.0486855453658555
1501,2.089507965925463
1502,2.0748160594694083
1503,2.014743944236091
1504,1.9100356991208616
1505,1.8079593919294077
1506,2.1136737628487987
1507,2.2300862027435584
1508,2.2979806784431998
1509,2.3350384018302317
1510,2.357994087247381
1511,1.8865476392389684
1512,1.3629658496273747
1513,1.2016460483457834
1514,1.0632957215967602
1515,0.9425788344551655
1516,0.8134643781470091
1517,0.6974290398491088
1518,1.0670543637412804
1519,1.5384060170283176
1520,1.927619987679561
1521,2.2845569241569734
1522,2.2235126316030898
1523,2.07253063741752
1524,2.1107802729870966
1525,2.154393332656212
1526,2.1454516525626564
1527,2.0955341374998038
1528,2.005008144411182
1529,1.9079958019336556
1530,2.221579875109171
1531,2.3594010815541364
1532,2.438061012664883
1533,2.4808957414589945
1534,2.5084252214939275
1535,2.0383797286388243
1536,1.5005350022807062
1537,1.3497067648868362
1538,1.2182827840628228
1539,1.0897249651388914
1540,0.961553844004443
1541,0.8498062460568808
1542,1.1989630945816507
1543,1.4637760000323203
1544,1.8354090384893722
1545,2.213904259461729
1546,2.171778429766631
1547,2.071650678635124
1548,2.0679130098847818
1549,2.069128634870586
1550,2.064149233774055
1551,2.01746015180872
1552,1.9657098075505381
1553,2.1165240270251537
1554,2.453114281135723
1555,2.613701097337361
1556,2.7221186410644984
1557,2.775386829717032
1558,2.730936284764723
1559,2.273320990326359
1560,1.764304970197024
1561,1.6056569142455221
1562,1.470351212457749
1563,1.3327243100403177
1564,1.2095778369541792
1565,1.0903990642202033
1566,1.4399312051469206
1567,1.7635034237792167
1568,2.1517878087518865
1569,2.469082288730504
1570,2.410448106150406
1571,2.3000541622761035
1572,2.3099553725257085
1573,2.333002111267901
1574,2.3225175337696125
1575,2.2508209933369043
1576,2.132418587090808
1577,2.2147753088623063
1578,2.5241120587442953
1579,2.6585833521263544
1580,2.7283088321838522
1581,2.7522080047820947
1582,2.6767497247488214
1583,2.1913106102172457
1584,1.6661977276531519
1585,1.4923764290015697
1586,1.3364364834983669
1587,1.1969549581232435
1588,1.0695621566853817
1589,0.9528591509345206
1590,1.2984822642192384
1591,1.5865909977659614
1592,1.9558665885584505
1593,2.3131771980541918
1594,2.257248843326088
1595,2.1245794931894
1596,2.137257872458753
1597,2.1533513178384642
1598,2.1236506334486935
1599,2.044678404027618
1600,1.9286113223922312
1601,2.0257236903621036
1602,2.3359471258972486
1603,2.4690757684628237
1604,2.5460749397725944
1605,2.5700462366608074
1606,2.5062352102023704
1607,2.0371357777908417
1608,1.5139522762803437
1609,1.3493848791542877
1610,1.1963863039990463
1611,1.0620846422616552
1612,0.9287718004350259
1613,0.8041619692992372
1614,1.15324710512386
1615,1.4129335397630527
1616,1.752318571885851
1617,2.0889825330079335
1618,2.05480939192594
1619,1.9670056162235503
1620,1.988959234354682
1621,2.0244701549881032
1622,2.02520582615931
1623,1.967031653254083
1624,1.8995208551225315
1625,2.0339440618433775
1626,2.358638875151697
1627,2.5219010997968088
1628,2.6261462650956897
1629,2.6908431620903297
1630,2.6654246333913245
1631,2.2162737312388083
1632,1.7022184614089528
1633,1.5415452666096698
1634,1.4045423847159506
1635,1.272275677489135
1636,1.146253949662167
1637,1.0302130321839025
1638,1.3944970097245677
1639,1.714415975822704
1640,2.106399794767261
1641,2.4642883956559833
1642,2.4193310915824724
1643,2.2861120120959457
1644,2.3090756608816716
1645,2.3513261703459847
1646,2.3448254684838
1647,2.2735425387495085
1648,2.169049872289806
1649,2.2715177917472023
1650,2.5884729911908786
1651,2.7298241662632377
1652,2.8130799824706703
1653,2.857233826948536
1654,2.801363539038486
1655,2.3234299231807327
1656,1.826305465062913
1657,1.6575042393788952
1658,1.5098565648182367
1659,1.384970935327372
1660,1.260554570692224
1661,1.140235103896397
1662,1.489794127725624
1663,1.9846649592916827
1664,2.4129734816409543
1665,2.773585075548135
1666,2.71640335639817
1667,2.5835285385616937
1668,2.6263092815326865
1669,2.659776333224375
1670,2.640486419711192
1671,2.5678721474441915
1672,2.446753719497294
1673,2.314064360693115
1674,2.6027771808830242
1675,2.7035331748405578
1676,2.7490332695587636
1677,2.756141709983333
1678,2.749001722912124
1679,2.25663142560365
1680,1.7191296976274997
1681,1.5425584831622128
1682,1.376752592756885
1683,1.2224214995115343
1684,1.088536367549336
1685,0.9649431919055099
1686,1.312101268148278
1687,1.7931515897246473
1688,2.1990575893237763
1689,2.5549306798601408
1690,2.505187355697763
1691,2.3810561789637728
1692,2.418992466111446
1693,2.464590143173706
1694,2.472924187045138
1695,2.4268319774776677
1696,2.3288058492648194
1697,2.245318887275789
1698,2.577088235816589
1699,2.722716028632106
1700,2.81331813652358
1701,2.84776497510093
1702,2.8782948513044935
1703,2.422096508768648
1704,1.8682656040867052
1705,1.6975079685557724
1706,1.550848332448446
1707,1.4092327216011582
1708,1.2795745729017165
1709,1.1568368820724202
1710,1.5054458953280712
1711,1.8301021664371768
1712,2.2246354806349204
1713,2.578960227995099
1714,2.523396604363429
1715,2.4190741175167507
1716,2.4673116036932683
1717,2.5298712805408825
1718,2.476511436894457
1719,2.3630269756850564
1720,2.297666986512985
1721,2.4324049917844732
1722,2.753727398270219
1723,2.9184127099750476
1724,3.024322755697325
1725,3.0665971987135765
1726,3.0326298592416783
1727,2.578240500039487
1728,2.0517699051985665
1729,1.8936518198382457
1730,1.7638292562102054
1731,1.6344345773608129
1732,1.5132717450441915
1733,1.4016394873403208
1734,1.7212224249096273
1735,1.860273451605538
1736,1.969264230204989
1737,2.225609318631462
1738,2.348719160494127
1739,2.3370881768146727
1740,2.3712196825700906
1741,2.4021391477464373
1742,2.400431955163845
1743,2.3255445252249776
1744,2.2302251948672023
1745,2.361467337613909
1746,2.662070190228129
1747,2.8142360478668955
1748,2.917139328359591
1749,2.916859744570578
1750,2.873972344578344
1751,2.4178512819820246
1752,1.87133273594233
1753,1.705497326201973
1754,1.5588648027264778
1755,1.4349233856842176
1756,1.307963330961326
1757,1.1732798596186647
1758,1.4497795785678897
1759,1.4979469728527472
1760,1.741696166729885
1761,2.065636539940627
1762,2.034368973108952
1763,1.9856319008226408
1764,2.048438616851214
1765,1.984560172183583
1766,1.7941259247279004
1767,1.6435406990548478
1768,1.5513762301242824
1769,1.6361426714492562
1770,1.8686821071987418
1771,1.9384048833542822
1772,1.9726824338565936
1773,1.9855196317865496
1774,1.9357458442630675
1775,1.4909976816629351
1776,1.025707483412716
1777,0.9374840286640143
1778,0.8526898593639174
1779,0.8138704909914346
1780,0.7924586685780374
1781,0.7484567780137346
1782,1.272864851276872
1783,1.4023876896189678
1784,1.7366836410853677
1785,2.0915459234169624
1786,2.072998271716945
1787,2.0246515220470562
1788,2.0879001871279113
1789,2.1449047647548993
1790,2.1584405646358396
1791,2.111203512401969
1792,2.0189046185517867
1793,2.13562466489393
1794,2.4398027752008673
1795,2.573814960074744
1796,2.6470870658949583
1797,2.671037706041264
1798,2.6076867034304274
1799,2.1345767192661476
1800,1.6067160592880165
1801,1.4449726906019287
1802,1.2963855004347757
1803,1.1554692229296641
1804,1.033652473575946
1805,0.9271902063895113
1806,1.4775900034622271
1807,1.683685814518774
1808,2.032374788500803
1809,2.3723950154045492
1810,2.297002399929303
1811,2.1547081840185323
1812,2.161963182325313
1813,2.174893874048282
1814,2.123083295761644
1815,2.0338903740630023
1816,1.91902842386626
1817,2.0087533198404546
1818,2.305829895948838
1819,2.4278357468917555
1820,2.490446550886227
1821,2.517096885701147
1822,2.4548963535248465
1823,1.9808511399943083
1824,1.4798785179793148
1825,1.3143313213228887
1826,1.1687661046396942
1827,1.0384439125940608
1828,0.9203649976262454
1829,0.8254239166741055
1830,1.3472303362195714
1831,1.6830560742259013
1832,2.027908813069334
1833,2.362193052636488
1834,2.322449854726799
1835,2.205877622989286
1836,2.231652210153822
1837,2.275669468303519
1838,2.2712921930921275
1839,2.200305110267415
1840,2.0973866227339353
1841,1.993160804848996
1842,2.2918783779212295
1843,2.4127356110281912
1844,2.475197292411092
1845,2.495793076959001
1846,2.50435247719633
1847,2.0392652243144047
1848,1.5164001162465712
1849,1.3437055070015307
1850,1.2064085582792283
1851,1.08358562432038
1852,0.9646331249636458
1853,0.8697738875872368
1854,1.4261818058356337
1855,1.7963558444190468
1856,2.165268799042224
1857,2.496486435851732
1858,2.4295126587711726
1859,2.2982561587120514
1860,2.3340566383334864
1861,2.3676854589289977
1862,2.3446613318215364
1863,2.2778386431367013
1864,2.1673756026821276
1865,2.055552602467445
1866,2.3543160150921443
1867,2.472694979567912
1868,2.5353903476993613
1869,2.553497474963624
1870,2.5552348335110295
1871,2.0751880675275043
1872,1.511774042876924
1873,1.3338685402015589
1874,1.1814165284843314
1875,1.0371348748247355
1876,0.8909295091577382
1877,0.7856110014552614
1878,1.3552095884723658
1879,1.5579548040560895
1880,1.900534690591866
1881,2.2442849218217646
1882,2.172825307589066
1883,2.031076294826418
1884,2.045727276196399
1885,2.0761097535094346
1886,2.0697069314536476
1887,2.0218381428369994
1888,1.9317498952240968
1889,2.0590636843089944
1890,2.403859862964067
1891,2.5683158595810585
1892,2.6658373964994166
1893,2.7225806054202817
1894,2.683181897146916
1895,2.223711616793026
1896,1.7086498208006597
1897,1.549721122030507
1898,1.4104373640227656
1899,1.2769319425168277
1900,1.1476086299790604
1901,1.034306432256144
1902,1.5991835197759052
1903,1.8244389967677852
1904,2.201034924201042
1905,2.5603693830483722
1906,2.487827586095038
1907,2.3454732010192743
1908,2.3732243010852865
1909,2.405083420896139
1910,2.3757089861065537
1911,2.325098400065532
1912,2.2443886963200232
1913,2.358867424441799
1914,2.6965820733679835
1915,2.851446320805826
1916,2.9418615754559965
1917,2.979452055634
1918,2.92777373069376
1919,2.460555827373784
1920,1.9274670215558565
1921,1.7530208089308537
1922,1.6017213987444303
1923,1.4556589606518835
1924,1.3267711572738972
1925,1.2295167813041423
1926,1.6862078898721728
1927,1.7776304570615995
1928,2.09293979107728
1929,2.4014259115746035
1930,2.292863118249689
1931,2.182646307209229
1932,2.1987779957126983
1933,2.1411557751055477
1934,2.0941903260541235
1935,2.100561891879221
1936,2.0753496286106863
1937,2.218866261447635
1938,2.5309950194559896
1939,2.6779845660827872
1940,2.7877934355655904
1941,2.812084196541179
1942,2.7659793099583623
1943,2.3059986579799054
1944,1.7890059538746501
1945,1.6505415322138124
1946,1.5209425365593003
1947,1.3934755825162812
1948,1.2763408564495138
1949,1.2027988694347571
1950,1.7721860846188
1951,1.9461882757670907
1952,2.244164546524827
1953,2.5800591368857786
1954,2.4892277839736585
1955,2.367989037007801
1956,2.4179230925009674
1957,2.462836327162331
1958,2.4721756872788117
1959,2.4676297492429606
1960,2.450043158751115
1961,2.6301844810947
1962,3.0108980722888807
1963,3.1903727303733143
1964,3.2973292895578123
1965,3.3595492171946226
1966,3.3160634900251136
1967,2.8433959898902628
1968,2.316311692351204
1969,2.135723170896144
1970,1.9705759255708173
1971,1.8221335709797692
1972,1.6770009692340382
1973,1.5668226073469305
1974,2.12069651288467
1975,2.2896777442342433
1976,2.577975754082191
1977,2.8780356782861416
1978,2.7624680229355003
1979,2.6118447635662223
1980,2.59122229773507
1981,2.5885689724424212
1982,2.5859550932344693
1983,2.58887038216422
1984,2.583755714535508
1985,2.764107500434502
1986,3.1444899447570145
1987,3.3252223473362106
1988,3.440943571013689
1989,3.504811828002227
1990,3.456374686725452
1991,2.9737895777583763
1992,2.4668859507002376
1993,2.2878667503457706
1994,2.124453507479026
1995,1.975742027823837
1996,1.8315565950151715
1997,1.7143313966039402
1998,2.098931347800417
1999,2.297026645352523
2000,2.6591450869098376
2001,3.032616795447238
2002,2.9753415985779497
2003,2.878448042171487
2004,2.935932722797694
2005,2.9367682785622433
2006,2.952305522224809
2007,2.9611703435813075
2008,2.930553553454816
2009,2.8888057434862717
2010,3.2373238918627054
2011,3.4023477337688903
2012,3.4999591849279112
2013,3.5357777964445627
2014,3.5656431892790383
2015,3.1061146200248135
2016,2.591360866898579
2017,2.435422631209705
2018,2.3007694218597843
2019,2.163950876063606
2020,2.038952965511391
2021,1.9477504330812434
2022,2.3373178962828147
2023,2.465543360597967
2024,2.69860136593232
2025,2.974231893732038
2026,2.986569488322975
2027,2.9615305897908932
2028,2.993744579223438
2029,3.0122921292060525
2030,3.0195819534033705
2031,3.002416104276229
2032,2.9362596101893765
2033,2.856147208405793
2034,3.1572310194759425
2035,3.290518251438289
2036,3.354025476640456
2037,3.3602751486227214
2038,3.380228298952508
2039,2.9118567278234826
2040,2.3493436620697454
2041,2.1930882381663057
2042,2.066067482132233
2043,1.9302231807923973
2044,1.8059664026279625
2045,1.7203518623670295
2046,2.220924274563105
2047,2.2443983937371925
2048,2.460769250161267
2049,2.877074005238695
2050,2.8733958665234636
2051,2.7603204908176537
2052,2.7669146641733118
2053,2.812645342130167
2054,2.7983830882174674
2055,2.737297260085887
2056,2.735930779305058
2057,2.9606314613595623
2058,3.3409901675240223
2059,3.5348978072349433
2060,3.662447389588013
2061,3.732996216216927
2062,3.7033987124857535
2063,3.237532493601968
2064,2.707885719085588
2065,2.5535611852270805
2066,2.428213474438139
2067,2.290455004913278
2068,2.1674528611875155
2069,2.0625278393370015
2070,2.6036860431646067
2071,2.6678329202063225
2072,2.7111667182657646
2073,2.898057239508087
2074,2.8234777868423713
2075,2.6958397245657926
2076,2.672600498179206
2077,2.48093776915017
2078,2.3640757603578173
2079,2.2481269675937177
2080,2.0706096556565656
2081,2.1044938379528912
2082,2.335057118061726
2083,2.4060233064388155
2084,2.4251255088286983
2085,2.4157693942777367
2086,2.3372398312016864
2087,1.8673774777176948
2088,1.352823179753449
2089,1.2046947244963713
2090,1.0905977403846516
2091,0.9882840024093652
2092,0.9043093739312063
2093,0.8648056953944251
2094,1.4566379730250585
2095,1.6667063021077482
2096,1.9810859867466115
2097,2.298184498167362
2098,2.2114461310012223
2099,2.085568845702497
2100,2.127146976611503
2101,2.1734815106051446
2102,2.179510582689011
2103,2.1484156839923494
2104,2.1100486052615692
2105,2.2855208911160756
2106,2.642148211399248
2107,2.8082343433591683
2108,2.9058816922057735
2109,2.9549483560864993
2110,2.903282251445787
2111,2.430072979771258
2112,1.9066602430729624
2113,1.7404931655540048
2114,1.583395154371192
2115,1.4443588238541862
2116,1.320077206316478
2117,1.2329927657792068
2118,1.8168707091704
2119,2.0219844692131748
2120,2.297462831811377
2121,2.570761385572214
2122,2.4495878947023826
2123,2.2932315697241745
2124,2.334050319093093
2125,2.374995338751085
2126,2.380023286574627
2127,2.375258600633315
2128,2.3476735465836285
2129,2.537038068090371
2130,2.9263350558622223
2131,3.115918269384496
2132,3.235996300633909
2133,3.3052131794973807
2134,3.25841043679101
2135,2.7851336776215794
2136,2.2667764284248584
2137,2.093512361309215
2138,1.9340109947564867
2139,1.7769499600050684
2140,1.617420283221474
2141,1.5193881111047898
2142,2.1108903222795488
2143,2.325886018931544
2144,2.592609351907383
2145,2.8468108751857164
2146,2.710924294967276
2147,2.5457705580210934
2148,2.560832595813521
2149,2.580339655874493
2150,2.554152358346821
2151,2.5029956269501468
2152,2.4497597734807464
2153,2.6093289440439293
2154,2.9619112949892727
2155,3.1204263471513247
2156,3.2092778139195666
2157,3.2474804165747915
2158,3.1917678773537412
2159,2.721088683989444
2160,2.210611023672703
2161,2.026546241429788
2162,1.8591264331798418
2163,1.7172733331413812
2164,1.5914179033092795
2165,1.4967261816244952
2166,2.052616596846359
2167,2.3779981895340603
2168,2.6449556471700575
2169,2.9200259914177935
2170,2.810408653499755
2171,2.6519608492540776
2172,2.6740589530389056
2173,2.6909293874611455
2174,2.656698258422825
2175,2.578010518185982
2176,2.4919523853670196
2177,2.4115326105291035
2178,2.6991056523766326
2179,2.795442521195104
2180,2.83081746740403
2181,2.8292782125148674
2182,2.8219449556040255
2183,2.331077486703308
2184,1.7916860959959198
2185,1.6152676575228377
2186,1.462215046060712
2187,1.3171363355707972
2188,1.1805528081770926
2189,1.1037543506639746
2190,1.6820242795977454
2191,2.049850728210254
2192,2.3400665470815305
2193,2.599468976406228
2194,2.4743710452083145
2195,2.319076350470536
2196,2.3335452929474116
2197,2.334336160890852
2198,2.3034780491106805
2199,2.240198298874145
2200,2.164391666713877
2201,2.0936850690827993
2202,2.382478296704693
2203,2.4862463967705244
2204,2.531810454522319
2205,2.550889693638901
2206,2.5619302036714964
2207,2.085554192277911
2208,1.5363343795914852
2209,1.3729936103455695
2210,1.2212578834350138
2211,1.0892913807668867
2212,0.9726808155335248
2213,0.9102671061145755
2214,1.506062264222793
2215,1.710147445310585
2216,1.9830388706153397
2217,2.256952972409086
2218,2.1247973298815874
2219,1.982443586024725
2220,2.0152395099976195
2221,2.0515553518011673
2222,2.0435175855356964
2223,1.9918221283925621
2224,1.9373550243362452
2225,2.1076025511270475
2226,2.4400733655428732
2227,2.5888784747317506
2228,2.675567384113074
2229,2.7233361509542613
2230,2.673780857372788
2231,2.2090165597378952
2232,1.6938920779331303
2233,1.5390366234950932
2234,1.4030616927379103
2235,1.2703446060534758
2236,1.1472238932131307
2237,1.0842244960201144
2238,1.6955265773032553
2239,1.9109200889524842
2240,2.1821001656091936
2241,2.457269774848902
2242,2.324456704759071
2243,2.17972613461782
2244,2.2172225231533553
2245,2.248177861565949
2246,2.2468485801619824
2247,2.214869496298719
2248,2.1651995701535536
2249,2.342461223260311
2250,2.6945251531518974
2251,2.8587009418395937
2252,2.951944663471133
2253,2.993937602943844
2254,2.948810996885732
2255,2.4851285017235902
2256,1.962961419814358
2257,1.8036513810176578
2258,1.665054389332425
2259,1.5246774692335483
2260,1.3922496011168752
2261,1.322288894760796
2262,1.951966693738147
2263,2.2086872626831235
2264,2.5018313904834497
2265,2.7789374376054745
2266,2.635504437045536
2267,2.50260705865038
2268,2.5478471649032195
2269,2.5983492997607014
2270,2.599055989263048
2271,2.559046505295501
2272,2.5189755859933536
2273,2.699424042215227
2274,3.0643597573479835
2275,3.246183484988551
2276,3.3484627982407016
2277,3.3862353920460864
2278,3.33046492887227
2279,2.850844772044827
2280,2.3148186913348594
2281,2.1377102142381323
2282,1.9677110135235487
2283,1.8003558024066497
2284,1.6416766846332829
2285,1.5474579886380888
2286,2.1739300797390553
2287,2.4264415839958673
2288,2.7139978595407417
2289,2.987420651133079
2290,2.7857258889915295
2291,2.576736994584757
2292,2.627613165475591
2293,2.7042670283742596
2294,2.714999842372084
2295,2.6808826202939895
2296,2.6587320787602406
2297,2.862089067134912
2298,3.2385769420761084
2299,3.4275670756012047
2300,3.551226635475771
2301,3.604992065824294
2302,3.558705386329313
2303,3.085849563302268
2304,2.543008314329234
2305,2.353417690610869
2306,2.183613562776219
2307,2.015420929383934
2308,1.8555377674213558
2309,1.752347717986229
2310,2.3657452939341352
2311,2.603325464394807
2312,2.8765013839369615
2313,3.1186182297326837
2314,2.9787383826562133
2315,2.8286142806397803
2316,2.855202877673362
2317,2.877864808878616
2318,2.8701279415380827
2319,2.841270377182396
2320,2.805776429770936
2321,2.988886573055164
2322,3.369689029575234
2323,3.5573170142237056
2324,3.6715992360729293
2325,3.726136310735869
2326,3.675594959179891
2327,3.2076295470759537
2328,2.7135720383848607
2329,2.540320522037742
2330,2.3889506138637713
2331,2.2460662668883558
2332,2.100175610337559
2333,1.99327384926624
2334,2.488447388887927
2335,2.801567437492809
2336,3.1649766046044836
2337,3.4316671126117835
2338,3.2148849075667374
2339,3.110803962425142
2340,3.1982988047437555
2341,3.2562036224094593
2342,3.270951349885167
2343,3.231133804858863
2344,3.1596774650114337
2345,3.0959822738093266
2346,3.419973854235566
2347,3.5541199032327477
2348,3.618344209152786
2349,3.6434293563728186
2350,3.6517286543046064
2351,3.1546237440398595
2352,2.619589412125709
2353,2.443270837772048
2354,2.282027159987667
2355,2.130317988830926
2356,1.9846818192197269
2357,1.8952656133978698
2358,2.5433168507199464
2359,2.979637041339331
2360,3.2720487492573853
2361,3.515949538345349
2362,3.3739007460375636
2363,3.2300653274830595
2364,3.2147816311507884
2365,3.2139947010071506
2366,3.2101027268377313
2367,3.229684692706347
2368,3.223329725067781
2369,3.1758350469437135
2370,3.5101580210255743
2371,3.6476069113363025
2372,3.7150219411523726
2373,3.7381691948216034
2374,3.745584365540655
2375,3.2628746800034683
2376,2.6990385819474207
2377,2.5135700882845358
2378,2.3425941978745426
2379,2.1684883549417697
2380,2.0088814253834113
2381,1.9187200172606682
2382,2.55144170851241
2383,2.8169124579014957
2384,3.108799463985602
2385,3.383526042471826
2386,3.223695589680401
2387,3.0374703335519095
2388,3.059055814241689
2389,3.1033652728892607
2390,3.111150919880314
2391,3.0843574082346454
2392,3.0467153809941214
2393,3.2346846483397607
2394,3.6227397216433133
2395,3.824770375282116
2396,3.9460543332339144
2397,3.994171747183933
2398,3.941658684776838
2399,3.4600990563697973
2400,2.914080880086249
2401,2.727077745601818
2402,2.560989537073947
2403,2.4037318775660803
2404,2.2603335682344188
2405,2.13497267034261
2406,2.449443341670018
2407,2.242421495728379
2408,2.3586007215573224
2409,2.7536812021517205
2410,2.7536010757003226
2411,2.67932349825127
2412,2.6831399399795637
2413,2.737769257968317
2414,2.7866513383879936
2415,2.750826091813927
2416,2.6747468948774267
2417,2.8058968258745813
2418,3.1058986276601694
2419,3.187445628625725
2420,3.1904116350677008
2421,3.1513867505178363
2422,3.0366740836626827
2423,2.5164308158736977
2424,1.9594527602330885
2425,1.769208858457472
2426,1.6368719728386087
2427,1.524058997075191
2428,1.412393528391268
2429,1.3788732167138478
2430,2.0339038367370557
2431,2.257550613942954
2432,2.4910581077040352
2433,2.7272551230005195
2434,2.6012447363577853
2435,2.5050308476263767
2436,2.5246988182453016
2437,2.6169494578588437
2438,2.703689934794072
2439,2.747366562706765
2440,2.827704239002974
2441,3.07451104643392
2442,3.481214105269248
2443,3.7193139836183557
2444,3.874065002978998
2445,3.9603017357895727
2446,3.961249269578002
2447,3.517922763975528
2448,3.004539569066361
2449,2.8199057480852225
2450,2.6682875060694538
2451,2.539703880236196
2452,2.388908954760817
2453,2.2252794099919813
2454,2.571184676866141
2455,2.5458174137490066
2456,2.744253287055401
2457,2.9180723179261863
2458,2.775575994874203
2459,2.575499160707945
2460,2.4500236704511424
2461,2.351291847282669
2462,2.216901498905927
2463,2.060517825733219
2464,1.9060660186904255
2465,1.9904779206889924
2466,2.1882746212340667
2467,2.2085890216242183
2468,2.2266805904323825
2469,2.2364548597003924
2470,2.188225186485776
2471,1.7557903077068788
2472,1.2749687488167856
2473,1.1587357905288826
2474,1.0665611598453428
2475,1.0016901452032723
2476,0.964019972337284
2477,0.9187463646991242
2478,1.3790657405979916
2479,1.3443627798119833
2480,1.5527013625392965
2481,1.8235777916875184
2482,1.7285641641705425
2483,1.6042371036661016
2484,1.5565723228002788
2485,1.4782664835736876
2486,1.3736743908340392
2487,1.2656748285658062
2488,1.1428813375232647
2489,1.2099892020549226
2490,1.3828549084558583
2491,1.4376399229044179
2492,1.4460029178752174
2493,1.4304404166404867
2494,1.3750022695039572
2495,0.975578272618066
2496,0.5786292141363474
2497,0.5256534873962109
2498,0.4779211476544687
2499,0.4221523379237858
2500,0.3890840514667275
2501,0.36957613101141307
2502,0.9486293382320687
2503,1.2782675229982388
2504,1.5360371006108646
2505,1.7959427840729476
2506,1.7368281051779586
2507,1.7068733201599462
2508,1.798098330918508
2509,1.8794919546681674
2510,1.9184716496572438
2511,1.9530764468184743
2512,1.9871871395569343
2513,2.000697948609755
2514,2.363459181558712
2515,2.53716950892907
2516,2.6492425199463914
2517,2.7142569257254747
2518,2.774165802146885
2519,2.345435450316006
2520,1.8573294227792687
2521,1.737105571425347
2522,1.6337677389758793
2523,1.5305967198883346
2524,1.441407561123111
2525,1.370417730441058
2526,1.728246469324866
2527,1.7781598018622897
2528,2.0214986847637246
2529,2.3022610460610213
2530,2.232900728168554
2531,2.157098248311581
2532,2.1552073762347517
2533,2.1058309123222174
2534,1.9740881465925177
2535,1.835442067653762
2536,1.7043441342340413
2537,1.5399394850961714
2538,1.6861859411462234
2539,1.6835826810944607
2540,1.6614905396419366
2541,1.6276009422339563
2542,1.6159239781817778
2543,1.1745362726624835
2544,0.6860953286495932
2545,0.5984904570704217
2546,0.524332398511749
2547,0.47593372531919564
2548,0.4365311308816176
2549,0.4035847342752077
2550,0.9140196888656191
2551,0.9562390532925074
2552,1.2157261487660782
2553,1.558343202262198
2554,1.496503936868434
2555,1.4122353285740492
2556,1.4955439243224882
2557,1.6030537173692831
2558,1.6912941627807019
2559,1.7547767174347901
2560,1.796656232167751
2561,2.038974112671177
2562,2.4349892034743275
2563,2.665782265395752
2564,2.831073402196688
2565,2.9492170017318657
2566,2.9620421281720333
2567,2.549690966332847
2568,2.0805824581605914
2569,1.960002221578682
2570,1.8518116684563928
2571,1.7424413013560085
2572,1.640266545070446
2573,1.6256764059324007
2574,2.4196020353058545
2575,2.560649873951576
2576,2.769978228949088
2577,2.998100643038108
2578,2.7643999387395053
2579,2.56508706933102
2580,2.5951523142418575
2581,2.6401691519266897
2582,2.6688421006294445
2583,2.7378504581685372
2584,2.8135762352481235
2585,3.034831260886242
2586,3.4278340116511368
2587,3.6245473956826775
2588,3.742981712570261
2589,3.814805837729507
2590,3.781973118946114
2591,3.3002446957930376
2592,2.771544316747029
2593,2.596032442462498
2594,2.4322314160909793
2595,2.2768917153563204
2596,2.1294933143720116
2597,2.0397797114947376
2598,2.5887270853295794
2599,2.6550136904789654
2600,2.8276507788292617
2601,3.065111672891451
2602,2.980320742258868
2603,2.844199469025536
2604,2.8784319419025044
2605,2.9314666168924255
2606,2.9642808184741285
2607,2.9830802014476263
2608,3.010732550208779
2609,3.2283037024397565
2610,3.629126519184512
2611,3.840014507241944
2612,3.96010890284933
2613,4.030283126611334
2614,4.006952774109491
2615,3.5298844733038246
2616,2.9836739020808145
2617,2.797319533605341
2618,2.6318117601294766
2619,2.468948718929212
2620,2.3309806325023987
2621,2.2766003706232163
2622,3.0183091102532504
2623,3.1277334418160176
2624,3.294978496633015
2625,3.4615668882565274
2626,3.2867361731305222
2627,3.1352493766951413
2628,3.1557416980223176
2629,3.208091900370282
2630,3.1826675365006674
2631,3.1941891028952414
2632,3.267146876963932
2633,3.485836200799267
2634,3.8719791510746813
2635,4.08589308190186
2636,4.210546244210183
2637,4.251145157308853
2638,4.235450660825646
2639,3.7677358053756604
2640,3.2026305441981555
2641,3.0160555529798563
2642,2.85291031876072
2643,2.675436412568392
2644,2.519881632072265
2645,2.461132570845994
2646,3.221695285732791
2647,3.356364334293454
2648,3.5284396569253738
2649,3.7000609857883853
2650,3.5080353622268934
2651,3.2839932277997255
2652,3.2383784777407585
2653,3.278849999657672
2654,3.31100306215544
2655,3.3598133198741222
2656,3.4432295391566363
2657,3.659161452175949
2658,4.028012899944095
2659,4.222378458294974
2660,4.335147471402883
2661,4.363814154076723
2662,4.312761565919708
2663,3.816370288026806
2664,3.268790064315726
2665,3.077023818189588
2666,2.9042728387940877
2667,2.716287016269409
2668,2.54586632492483
2669,2.4796163472925294
2670,3.254853091624606
2671,3.5437063178158983
2672,3.7281716834169716
2673,3.8844412463035365
2674,3.7148603515343095
2675,3.560700626025819
2676,3.582211344684765
2677,3.6227984454136717
2678,3.6448900565584887
2679,3.64743645183895
2680,3.708679276006062
2681,3.7415804052556156
2682,4.095743516905443
2683,4.266119134736461
2684,4.375993921516042
2685,4.412504002669296
2686,4.453424691443194
2687,3.983494828446011
2688,3.427876104098314
2689,3.2387539547394972
2690,3.068842815141441
2691,2.895525000791533
2692,2.732837337321543
2693,2.6766091005910653
2694,3.4725061684050758
2695,3.778902145966598
2696,3.976495219444476
2697,4.139380335109406
2698,3.938538386246284
2699,3.770514555237345
2700,3.738402869323327
2701,3.7428239692268397
2702,3.7680773882446466
2703,3.8351682299965013
2704,3.921104687780907
2705,3.9335020187899414
2706,4.281670464287061
2707,4.460045406261209
2708,4.5714359935934015
2709,4.60572980708696
2710,4.654345376803864
2711,4.188637325661442
2712,3.604116108434346
2713,3.413759756512403
2714,3.2482831206509903
2715,3.0751244745965525
2716,2.9227178093065045
2717,2.8517662764798963
2718,3.497003685614099
2719,3.5751725647641592
2720,3.744392849250751
2721,3.9714698991161916
2722,3.862905249647487
2723,3.7058199351727286
2724,3.708489983789657
2725,3.778145816391772
2726,3.8138564925877305
2727,3.82086079454591
2728,3.8533359212692644
2729,4.0721914813405
2730,4.4175103321214975
2731,4.590518850335542
2732,4.705888028782308
2733,4.741983203798455
2734,4.709498652302407
2735,4.23607426261506
2736,3.672800494145515
2737,3.4810223581058635
2738,3.3129532953216017
2739,3.1301198256976113
2740,2.9823107999343503
2741,2.926845449439865
2742,3.5854359725312057
2743,3.7200701473118714
2744,3.9033723019381927
2745,4.039875690385231
2746,3.8176281782198216
2747,3.63776562589306
2748,3.61972735563821
2749,3.6135931682975735
2750,3.5189229538425697
2751,3.3086660112876305
2752,3.1153158825600955
2753,3.1416940359132077
2754,3.2859769360249533
2755,3.276953208727853
2756,3.2368742454532544
2757,3.170424426668893
2758,3.0397132913815517
2759,2.50715730391308
2760,1.9431513046232487
2761,1.7668199173104633
2762,1.624328521938458
2763,1.498823292822232
2764,1.4009848087280319
2765,1.3514015941987445
2766,1.9782572441995074
2767,2.0123253550162516
2768,2.2044844989372785
2769,2.3194411032001887
2770,2.211005180479795
2771,2.0970918450287748
2772,2.0922000644525536
2773,2.1871409085460587
2774,2.1300481536664626
2775,2.013914595060102
2776,1.9449933644245936
2777,2.086759529093944
2778,2.332161124506807
2779,2.419188210425513
2780,2.4808215785510823
2781,2.4938702497147927
2782,2.472145920629631
2783,2.083210875559834
2784,1.603497563219538
2785,1.480542840533698
2786,1.3933176750158156
2787,1.3146153025166658
2788,1.269601928359513
2789,1.2934706386470793
2790,2.127267455356228
2791,2.3004134958632867
2792,2.5167802029141346
2793,2.749423704081335
2794,2.6152073454174545
2795,2.5254805501144832
2796,2.6024815097280474
2797,2.6991727970870647
2798,2.766552999031619
2799,2.8128964320527796
2800,2.9185505238434164
2801,3.1792138237498415
2802,3.563030762269783
2803,3.802164281628209
2804,3.958580516693599
2805,4.036041685645258
2806,4.033237878017973
2807,3.5745570493028094
2808,3.045851096697095
2809,2.886184328618436
2810,2.7381806067910692
2811,2.5682540862336753
2812,2.4189265950688097
2813,2.3845922292089283
2814,3.2219518109660785
2815,3.3831729581818633
2816,3.555477590836843
2817,3.7264038617386683
2818,3.538022359372944
2819,3.378155808562327
2820,3.406930910060544
2821,3.4581289885487734
2822,3.5071404083740276
2823,3.5305381516543313
2824,3.5987729500197587
2825,3.8464751664346934
2826,4.224225680246595
2827,4.447157730039615
2828,4.586589517971416
2829,4.632165332108104
2830,4.602082434923256
2831,4.130543280719701
2832,3.601640093574484
2833,3.414523885310409
2834,3.2495584131672963
2835,3.0759236681170847
2836,2.9261289839780344
2837,2.871846408887913
2838,3.6756362048494826
2839,3.980660563477839
2840,4.166954905798537
2841,4.332700310139936
2842,4.0804721269646365
2843,3.8551741408328395
2844,3.854392428842806
2845,3.9041003648375643
2846,3.9386154580554544
2847,3.9352673735337125
2848,4.038642761811451
2849,4.091996197334583
2850,4.418933499222584
2851,4.602414953351069
2852,4.709374277932175
2853,4.7345148800592645
2854,4.779613163230751
2855,4.299072854199029
2856,3.715652213261673
2857,3.5464006396123606
2858,3.392085819431068
2859,3.2139570011297507
2860,3.069380933091147
2861,3.0237165272231903
2862,3.8267613648644097
2863,4.127176367777024
2864,4.341362590153693
2865,4.430798923305253
2866,4.172266053947927
2867,3.987413669582348
2868,3.9789652426095907
2869,4.028322416913531
2870,4.062080335754101
2871,4.042599871196149
2872,4.126496718702827
2873,4.179943732843071
2874,4.512258215286225
2875,4.668126136190799
2876,4.761389870736641
2877,4.782288244979942
2878,4.786596230868086
2879,4.276703917791842
2880,3.6718734197682044
2881,3.45199211045503
2882,3.255037504351451
2883,3.069131667669686
2884,2.897072000988343
2885,2.8441495911202797
2886,3.640310147592694
2887,3.724339999023968
2888,3.8236032215710063
2889,3.9386926408849723
2890,3.683561715631559
2891,3.475998308281113
2892,3.455423179681466
2893,3.4956124739718866
2894,3.5630637962951317
2895,3.623464105010671
2896,3.689615672839631
2897,3.928314127198834
2898,4.3181225494270326
2899,4.531101297767101
2900,4.659117437106172
2901,4.703551134203591
2902,4.657924526045331
2903,4.158798434110191
2904,3.58752885743926
2905,3.3923503628872917
2906,3.216030599363116
2907,3.0269895333314447
2908,2.844531286130195
2909,2.780666591495012
2910,3.5780519593408857
2911,3.6662769638168955
2912,3.756338570712916
2913,3.8813416542122945
2914,3.6583868150175345
2915,3.4102232477386556
2916,3.4212948709650064
2917,3.510946560539392
2918,3.5668253046584906
2919,3.6345943603329784
2920,3.702065758395266
2921,3.9469130900029326
2922,4.339035309751222
2923,4.531564805192243
2924,4.6495865023507985
2925,4.700889264988506
2926,4.663931696094824
2927,4.178915425038415
2928,3.6148279467455118
2929,3.412302237927667
2930,3.2303903444487574
2931,3.0423930590256862
2932,2.870807588954838
2933,2.8022809155603428
2934,3.595593969490235
2935,3.687710723202644
2936,3.779100189003399
2937,3.890875157271843
2938,3.6479210073005865
2939,3.4766511112304275
2940,3.497645372899624
2941,3.5482451642753854
2942,3.6189235571442353
2943,3.692109885214833
2944,3.772724657079702
2945,4.026386168383381
2946,4.43456780881615
2947,4.655750485508396
2948,4.78336694041879
2949,4.86552732241057
2950,4.866411543532056
2951,4.383421270567527
2952,3.821483865798578
2953,3.6326010422590684
2954,3.456702851788566
2955,3.279755155077307
2956,3.1236607835429497
2957,3.070479958683726
2958,3.8769655966027035
2959,3.97890961123001
2960,4.078456160796481
2961,4.193954168600697
2962,3.9509973635106
2963,3.7083675979190533
2964,3.718132563960671
2965,3.8264821159139086
2966,3.9015699059225923
2967,3.9712178621022898
2968,4.046687487681338
2969,4.310363864151063
2970,4.692793800847113
2971,4.896308138387595
2972,5.030804421222257
2973,5.072448143611463
2974,5.051828746147907
2975,4.57276539699405
2976,4.013380495291453
2977,3.8180853527420635
2978,3.6278110045322696
2979,3.4291300515150045
2980,3.2526670129807376
2981,3.1816991067161293
2982,3.9177376736242975
2983,3.981868311136061
2984,4.066174886982677
2985,4.218807243860322
2986,4.002293952802708
2987,3.8357321745171395
2988,3.837815496623349
2989,3.86866008300165
2990,3.9091536516049596
2991,3.9330364739490506
2992,3.9834656290282946
2993,4.23545035225386
2994,4.6075000018490035
2995,4.811106060461981
2996,4.934458628514859
2997,4.980168889675912
2998,4.945224514931516
2999,4.446890785845643
3000,3.899123315192445
3001,3.7121159414459415
3002,3.5333265637687488
3003,3.3395481356346393
3004,3.1784574028977115
3005,3.1254438796011423
3006,3.9385766682436443
3007,4.205606817176692
3008,4.3327009973035135
3009,4.435513723926317
3010,4.208080911141168
3011,3.971911039691185
3012,3.9269577265090376
3013,3.9803874305517932
3014,4.0464835847529175
3015,4.1023754062734525
3016,4.182362094763787
3017,4.273790844475922
3018,4.673745646547389
3019,4.8642741486435614
3020,4.983613292402207
3021,5.016343205789442
3022,5.060472225864306
3023,4.593646285083059
3024,4.030560647751552
3025,3.8592963841654506
3026,3.7121902909684517
3027,3.526218804204975
3028,3.3563589853975793
3029,3.3113168356257794
3030,4.142370709516548
3031,4.407939688513001
3032,4.504726216882847
3033,4.581780014716026
3034,4.342619644181007
3035,4.13882710131093
3036,4.128475458793869
3037,4.162193554438547
3038,4.192570411635905
3039,4.212326797186498
3040,4.226662459403734
3041,4.201873489971845
3042,4.521011439923037
3043,4.662687280776383
3044,4.7222215726158945
3045,4.7319003668971735
3046,4.741053458158019
3047,4.24134840060172
3048,3.6540424230928004
3049,3.4592695739940367
3050,3.278665127485945
3051,3.108726989628018
3052,2.9566412670776083
3053,2.912431838807426
3054,3.7232947061024175
3055,3.826093070387423
3056,3.9255280448761676
3057,4.044913642951389
3058,3.806750078344106
3059,3.621084767744438
3060,3.627494552450415
3061,3.678436801222124
3062,3.7338871479575606
3063,3.781254188176959
3064,3.8433061993800948
3065,4.0655226938205375
3066,4.424263684912101
3067,4.623390117343665
3068,4.737486642798412
3069,4.77180672867944
3070,4.723325189859807
3071,4.218511454306764
3072,3.634455204253296
3073,3.4310125356059613
3074,3.2557599262628063
3075,3.0902007061993366
3076,2.9324570076378818
3077,2.872490430722799
3078,3.652523973516511
3079,3.7071016251794755
3080,3.7713118779690618
3081,3.872017013106478
3082,3.628074728501264
3083,3.417894808962721
3084,3.3822356734930654
3085,3.363352913376093
3086,3.352904794990455
3087,3.356962822618622
3088,3.356086271296522
3089,3.5227812636268894
3090,3.8307989932785373
3091,3.978752381938504
3092,4.059186212184217
3093,4.077449241401706
3094,4.001030962498601
3095,3.4908482253277984
3096,2.929386184261035
3097,2.7404156033875933
3098,2.575057545101236
3099,2.4135226944504975
3100,2.26540876932366
3101,2.2215359987419796
3102,3.031418435454836
3103,3.12753016985573
3104,3.2204523907684015
3105,3.338675130636071
3106,3.1051965792879708
3107,2.928205930103411
3108,2.9364027421014893
3109,2.9732299838275216
3110,2.997908704668562
3111,3.019099567896178
3112,3.05492270466739
3113,3.266121292066685
3114,3.6061772018534333
3115,3.7863996453544564
3116,3.892077248479665
3117,3.916897515143908
3118,3.8571536934610724
3119,3.367934687463539
3120,2.8078294586223707
3121,2.6248523536911468
3122,2.4558587329841037
3123,2.27970899618972
3124,2.135034078794721
3125,2.0976119254996437
3126,2.916141497320587
3127,3.011546353985292
3128,3.0965736659797694
3129,3.2120233611136007
3130,2.9907085574314864
3131,2.8181934082931197
3132,2.8302228806062613
3133,2.8759894578641876
3134,2.929966887207199
3135,2.988571740073879
3136,3.056763692752206
3137,3.300508945370051
3138,3.6626402076313975
3139,3.8670539880165173
3140,4.010716137560867
3141,4.075302482175239
3142,4.045174180085729
3143,3.5760704668193135
3144,3.028594866490174
3145,2.852621635187636
3146,2.707680734674439
3147,2.5480215054154094
3148,2.4010986442778766
3149,2.3605816342777013
3150,3.172008099763329
3151,3.235898514998325
3152,3.241302951076168
3153,3.284351560801431
3154,3.1410284195014935
3155,3.0506962376648468
3156,3.052859089774982
3157,3.0919475889734276
3158,3.131774590773188
3159,3.184196453199365
3160,3.2155091218950025
3161,3.455584612458418
3162,3.834847629435926
3163,4.027530717759172
3164,4.150439503231987
3165,4.197765046878553
3166,4.161911864949525
3167,3.70034401716118
3168,3.1842821088795916
3169,3.005551625489601
3170,2.8527147894322358
3171,2.694415748481561
3172,2.5595218211188486
3173,2.529420939738573
3174,3.357260976575569
3175,3.639017093905493
3176,3.766041750404387
3177,3.873171353157844
3178,3.658913604524459
3179,3.4981707108285196
3180,3.5318196176654024
3181,3.592331097195595
3182,3.657411275319673
3183,3.7300264992842562
3184,3.8013596160566006
3185,3.8224714211781263
3186,4.173672527410075
3187,4.350808351975614
3188,4.460169782621062
3189,4.500896894817608
3190,4.535326552882167
3191,4.056268424595443
3192,3.514518336716963
3193,3.332793272909532
3194,3.163297343777654
3195,2.9987803163436633
3196,2.8440641236628594
3197,2.787744583603995
3198,3.629052549938511
3199,3.905368680778762
3200,4.0142860310512765
3201,4.117094773284162
3202,3.8910504750181154
3203,3.725352644998649
3204,3.749781110525723
3205,3.8158731519803606
3206,3.8812592824990095
3207,3.9262027967844992
3208,3.9890634093314032
3209,4.027232074187505
3210,4.376527295842811
3211,4.5579247321592264
3212,4.682371766804286
3213,4.709859225088568
3214,4.725366246443708
3215,4.232139432471856
3216,3.6307010900306467
3217,3.4355232852339834
3218,3.2594619154478495
3219,3.0704768760909786
3220,2.9138725074726426
3221,2.854620432540898
3222,3.66666202479953
3223,3.76166356878208
3224,3.847874250914359
3225,3.9421280308440365
3226,3.6982392141000164
3227,3.532442535717783
3228,3.53244010357598
3229,3.577188157514763
3230,3.6287957295704807
3231,3.66754889480533
3232,3.712472423457808
3233,3.941084668315019
3234,4.292888921939836
3235,4.485337687267661
3236,4.616152091084111
3237,4.641300937405989
3238,4.569587260866469
3239,4.067815150136166
3240,3.5054360841497734
3241,3.3149162939835866
3242,3.1395163004342703
3243,2.9496221272062706
3244,2.791035928054496
3245,2.742011650475181
3246,3.57185742094986
3247,3.6766668455286142
3248,3.7556206568348824
3249,3.845164050393531
3250,3.6059981193750175
3251,3.434533233855634
3252,3.430555924068489
3253,3.499967674353918
3254,3.5690820440060356
3255,3.59865745215344
3256,3.6339888744533875
3257,3.8599997247006246
3258,4.237970173346854
3259,4.4557661983082975
3260,4.593635265428812
3261,4.625173461943847
3262,4.5729475291736845
3263,4.0793615396069995
3264,3.500189215145776
3265,3.311773142304646
3266,3.140636883350638
3267,2.9500991936144514
3268,2.7719054410345576
3269,2.700947637627962
3270,3.5248588729917554
3271,3.64299266331655
3272,3.741755830866708
3273,3.8373466528616555
3274,3.615642583897145
3275,3.4568188531890955
3276,3.4729514619821584
3277,3.5489780364467385
3278,3.6374435932019025
3279,3.712035211683186
3280,3.7969804406661756
3281,4.057737984593315
3282,4.4411803155241305
3283,4.676041854350999
3284,4.842534036953512
3285,4.89391451854791
3286,4.857861035166548
3287,4.380406218434824
3288,3.811672882954599
3289,3.609441960819682
3290,3.4245785298863174
3291,3.240141377626134
3292,3.0631065008432308
3293,2.990246428865863
3294,3.829360954399392
3295,3.9382430179298518
3296,4.027295003668743
3297,4.127127953115531
3298,3.8999994388991457
3299,3.7266239436309756
3300,3.6619389378561658
3301,3.7226942071447975
3302,3.853435483717107
3303,3.9298871870393524
3304,4.026249773090814
3305,4.286199534738509
3306,4.681691274580015
3307,4.912857537815902
3308,5.0660972231758805
3309,5.105314354353512
3310,5.07471345782021
3311,4.603058682391938
3312,4.017583296428883
3313,3.8003321982688862
3314,3.61718680938026
3315,3.411275962312216
3316,3.2377676265765283
3317,3.1803013115947776
3318,3.9931805868053143
3319,4.082633827698208
3320,4.147322749917657
3321,4.229993854707233
3322,4.015514803300953
3323,3.8255695855206238
3324,3.8174716314484565
3325,3.883982124247554
3326,3.9613415078751153
3327,4.026946558907905
3328,4.113506310699589
3329,4.3755944129338795
3330,4.757685067086714
3331,4.987733818452184
3332,5.145291605829759
3333,5.17215761763191
3334,5.12113121127637
3335,4.61780729703943
3336,4.063378461147275
3337,3.8877257350815686
3338,3.7154660032645186
3339,3.5126575602641137
3340,3.3297098004464716
3341,3.269269786251543
3342,4.097771690588724
3343,4.364809076968819
3344,4.466290967112889
3345,4.536534345980434
3346,4.310502551073479
3347,4.1380144335471325
3348,4.168236116255378
3349,4.229388765413252
3350,4.281453106091222
3351,4.340372257083768
3352,4.4251213462757155
3353,4.469391256188484
3354,4.817243277884232
3355,5.002207882249594
3356,5.128592532352183
3357,5.155636393862326
3358,5.18576859888076
3359,4.714069935344679
3360,4.156320754210662
3361,3.9649653866917993
3362,3.7928018892027557
3363,3.605730845442815
3364,3.4235889362821212
3365,3.3582384436722252
3366,4.178503337226984
3367,4.434533879907606
3368,4.5342434432420164
3369,4.612022399862303
3370,4.372804090674941
3371,4.193878910212981
3372,4.221240872000697
3373,4.304771211391399
3374,4.387501731476074
3375,4.472205694960111
3376,4.529991672392411
3377,4.5608951066485375
3378,4.911119519512307
3379,5.082680260242273
3380,5.182981286918028
3381,5.2059014268195885
3382,5.242742532322961
3383,4.76008129637145
3384,4.144673636450278
3385,3.944498750565777
3386,3.776402712679612
3387,3.589506786147187
3388,3.4115027374537514
3389,3.3503317178839622
3390,4.169660421127355
3391,4.279737339639641
3392,4.361619454987215
3393,4.424638881989528
3394,4.188327709907882
3395,4.003080778291467
3396,3.997416703900472
3397,4.073594012948049
3398,4.1670436335753855
3399,4.207898851801046
3400,4.2565781064193
3401,4.488926532278554
3402,4.841885960460903
3403,5.044267082698011
3404,5.16260198086858
3405,5.171129399154986
3406,5.115686771812207
3407,4.598072265167715
3408,4.004816705455518
3409,3.8024150235691327
3410,3.616320784587153
3411,3.4304239828039718
3412,3.2450675045355606
3413,3.162826536137283
3414,3.963389474550262
3415,4.0707412755699
3416,4.155478529887993
3417,4.214648637231715
3418,3.962490315231777
3419,3.7779393881000964
3420,3.7628261941765238
3421,3.8229644671598457
3422,3.9259222354176146
3423,3.992703023460352
3424,4.075062108875861
3425,4.33969004250396
3426,4.715977917769897
3427,4.935427914580894
3428,5.086773863893033
3429,5.127808519030966
3430,5.101649460834587
3431,4.617742630425813
3432,4.04575976836302
3433,3.841869313881623
3434,3.6419493481152836
3435,3.4400642863690942
3436,3.2859970711491253
3437,3.233893588219443
3438,3.998363792808998
3439,4.079167841241897
3440,4.159985540702917
3441,4.234305838837604
3442,3.986688323034807
3443,3.7816401682232446
3444,3.7784375323850505
3445,3.866943220650973
3446,4.008634825123784
3447,4.0957562908487795
3448,4.1394918893919375
3449,4.373284181845207
3450,4.745253687953941
3451,4.955350466406532
3452,5.0851673111272
3453,5.109292250489707
3454,5.050705176318854
3455,4.561055020015286
3456,3.985677341141163
3457,3.7981835547303358
3458,3.630519252864944
3459,3.4537875765128896
3460,3.2817408319629755
3461,3.213989483099998
3462,4.003181346635396
3463,4.096868596275305
3464,4.176545042518694
3465,4.273870909451743
3466,4.075375823459661
3467,3.905989530590161
3468,3.873612134449319
3469,3.912096236967462
3470,4.01948664583186
3471,4.104591943437613
3472,4.1875703094821874
3473,4.455098428642125
3474,4.835909227315756
3475,5.050537595870563
3476,5.189893476512886
3477,5.245231659967388
3478,5.220273342947173
3479,4.7179091867642695
3480,4.120782197998661
3481,3.9244563386660607
3482,3.749532220697764
3483,3.5617869061660126
3484,3.4075209862955798
3485,3.357544396687313
3486,4.130018577611915
3487,4.209970142927914
3488,4.2757489075453385
3489,4.350797870108039
3490,4.12792451665717
3491,3.9420522850263606
3492,3.943603272697228
3493,4.000933775673504
3494,4.080460213760594
3495,4.145977224967577
3496,4.208924682226168
3497,4.44398140833826
3498,4.816570973015971
3499,5.0211341797552524
3500,5.145921078692246
3501,5.171755225895626
3502,5.101447293775012
3503,4.592178683115964
3504,4.046995003984346
3505,3.862974828639749
3506,3.6976554534965493
3507,3.521169908140997
3508,3.35362734145092
3509,3.295460526806525
3510,4.086524311511683
3511,4.349108674872896
3512,4.459489268624255
3513,4.534740566782476
3514,4.306423090027926
3515,4.126031015137351
3516,4.145574437663484
3517,4.224094079185626
3518,4.324352077316175
3519,4.421088951415463
3520,4.507930794636545
3521,4.542817789623197
3522,4.8795847221411774
3523,5.0535202476460075
3524,5.1579516257055325
3525,5.17761318153077
3526,5.199164057635689
3527,4.719802780686832
3528,4.152998690782423
3529,3.9664945069707414
3530,3.7906084639715427
3531,3.615816528699175
3532,3.4572767892223277
3533,3.389717023516186
3534,4.109797169234841
3535,4.335826312465409
3536,4.476641914385624
3537,4.600908176193047
3538,4.4150220434957985
3539,4.275958960862427
3540,4.239039926721428
3541,4.332072033905668
3542,4.50572661875463
3543,4.618200941185391
3544,4.709333873761117
3545,4.728308234032704
3546,5.053064467369662
3547,5.238640700702524
3548,5.367386169250341
3549,5.407540531153075
3550,5.451317737436817
3551,4.952746019789801
3552,4.347130638550437
3553,4.179280621974428
3554,4.014301358847912
3555,3.83712636481795
3556,3.692699567240668
3557,3.8001596698946827
3558,4.460531123111227
3559,4.5245884004561345
3560,4.594276373454446
3561,4.6477608845462095
3562,4.406077079051679
3563,4.212513220678781
3564,4.211151633019346
3565,4.273587826795404
3566,4.339071076491385
3567,4.399141211276095
3568,4.4615646691450594
3569,4.699119366371391
3570,5.066291701208808
3571,5.270488445484055
3572,5.40634118411761
3573,5.450747547200659
3574,5.421145314762033
3575,4.941620917070148
3576,4.360621055434462
3577,4.158577759718201
3578,3.991609714330876
3579,3.838994958688269
3580,3.723849347913993
3581,3.825380055966092
3582,4.476737071449064
3583,4.537218815433961
3584,4.602193386137084
3585,4.6781932014902115
3586,4.477876831568073
3587,4.244560294278108
3588,4.225877185577764
3589,4.254966086741731
3590,4.204534654761523
3591,4.102849180172729
3592,3.993768244220983
3593,4.057892562851648
3594,4.23836408467125
3595,4.274751793280768
3596,4.290064341536067
3597,4.269830358274126
3598,4.130409487249479
3599,3.572047446638934
3600,3.0013177309352352
3601,2.824010368618769
3602,2.6612828350241142
3603,2.513946473723387
3604,2.4254621549628914
3605,2.5331414067639613
3606,3.1962817603186378
3607,3.2914061480773618
3608,3.387441945951263
3609,3.5274920206560987
3610,3.3881458983689794
3611,3.269407779232248
3612,3.299806134837712
3613,3.405553875439786
3614,3.5334783652350112
3615,3.6396666643649236
3616,3.757002992770435
3617,4.059016342886547
3618,4.470669425170008
3619,4.688252021876068
3620,4.85157210393739
3621,4.952835119449399
3622,4.953632453508868
3623,4.499078722643345
3624,3.9683834965027307
3625,3.7914935844985242
3626,3.6328106610914563
3627,3.4741530236869806
3628,3.3558927526149587
3629,3.488076287986587
3630,4.150162899328439
3631,4.228286105145831
3632,4.313950277020518
3633,4.395034054672702
3634,4.1947683432224
3635,4.036705897766125
3636,4.0427586838629725
3637,4.108617212707006
3638,4.184705924871654
3639,4.229363068369222
3640,4.26069391616769
3641,4.499271103115335
3642,4.8736113066889235
3643,5.076195073985589
3644,5.200428977628856
3645,5.211646971766612
3646,5.161286237658881
3647,4.667704571174263
3648,4.084932907123999
3649,3.8948368360815198
3650,3.7176230133236765
3651,3.5100081544948103
3652,3.3600960091041436
3653,3.466122410132219
3654,4.111427563473136
3655,4.174481148874602
3656,4.249987724273237
3657,4.317982769817586
3658,4.073933133942097
3659,3.8866878216460523
3660,3.8916912306437172
3661,3.992435964476567
3662,4.112872209701064
3663,4.161343610801188
3664,4.2354380869893316
3665,4.4700535504241365
3666,4.882015196012937
3667,5.09792014815522
3668,5.21586994045396
3669,5.244992837795048
3670,5.193664258587258
3671,4.697966277647357
3672,4.12833237605498
3673,3.920176885373838
3674,3.7398058012669226
3675,3.531614437668042
3676,3.385082436683171
3677,3.481975231202457
3678,4.127469579170671
3679,4.364316751054016
3680,4.464999478747096
3681,4.510688608262117
3682,4.28814830868757
3683,4.1300608453461525
3684,4.137878399523619
3685,4.217746780671013
3686,4.323563937806934
3687,4.403812765907628
3688,4.511622514122027
3689,4.584274068503841
3690,4.9417797630087
3691,5.151443768717138
3692,5.288646532150923
3693,5.3299810452662175
3694,5.356780469570359
3695,4.867041532246124
3696,4.278920584107547
3697,4.085919379445417
3698,3.907538643145211
3699,3.7094111453295024
3700,3.5614834264207644
3701,3.662993835300242
3702,4.315645910197712
3703,4.540343422971984
3704,4.63708642948801
3705,4.702455123700766
3706,4.487364667818932
3707,4.309990690949577
3708,4.318911588627824
3709,4.41694837161092
3710,4.527250242957456
3711,4.594882913356315
3712,4.666510865172051
3713,4.732573103607791
3714,5.101337136184265
3715,5.2823660548252445
3716,5.39052281296206
3717,5.403123648568228
3718,5.439456165885087
3719,4.943863659031499
3720,4.323255345586807
3721,4.121174503298643
3722,3.928526294096418
3723,3.720207224479557
3724,3.572892531689116
3725,3.6694618939404586
3726,4.307461993442641
3727,4.37941934665048
3728,4.460258163824825
3729,4.526965989408568
3730,4.293782261861361
3731,4.115365652692202
3732,4.132649716250249
3733,4.221580992845953
3734,4.317907755203646
3735,4.369910734922266
3736,4.45257305635743
3737,4.712704016929955
3738,5.077008718081984
3739,5.277684953759356
3740,5.427398871702023
3741,5.468001496311995
3742,5.440295040075695
3743,4.957111799358317
3744,4.377316003127131
3745,4.1892783199788255
3746,4.022069253850594
3747,3.83107613591327
3748,3.7058047008161905
3749,3.824615861961067
3750,4.457083072324144
3751,4.541856297200305
3752,4.641627485470002
3753,4.723463104664507
3754,4.52909416517623
3755,4.37520883186978
3756,4.376272870339621
3757,4.457100142381216
3758,4.563428915624971
3759,4.627819696556281
3760,4.691190328717042
3761,4.936806589679052
3762,5.297093658589969
3763,5.51031298225719
3764,5.671232236705583
3765,5.687226458642323
3766,5.6453691503931145
3767,5.160771938939402
3768,4.562246228771508
3769,4.376683981243423
3770,4.206657632109023
3771,3.9969403885122863
3772,3.845788252818425
3773,3.9459841479917563
3774,4.563041822975052
3775,4.643244807440522
3776,4.753147927734934
3777,4.809182822222256
3778,4.574885612349866
3779,4.39930658214718
3780,4.381858753929575
3781,4.451689802654721
3782,4.546700253934122
3783,4.6007939029219616
3784,4.674253215840122
3785,4.932878166760844
3786,5.289334999821734
3787,5.501968488068796
3788,5.63780164964543
3789,5.649846579590296
3790,5.613136792716342
3791,5.122187524265701
3792,4.521155404947679
3793,4.341106875341373
3794,4.182206372425815
3795,3.963379970725255
3796,3.814347977370664
3797,3.9123226173848216
3798,4.536686625261551
3799,4.612026057393264
3800,4.697507111619366
3801,4.752350151083964
3802,4.5247882200564575
3803,4.335424068593847
3804,4.300965601303869
3805,4.358051941955726
3806,4.4370325863325
3807,4.472059361322088
3808,4.526255704990275
3809,4.764808358125231
3810,5.099838937127983
3811,5.28559521558944
3812,5.410488418931976
3813,5.407716306319838
3814,5.346925368788973
3815,4.845679374433964
3816,4.252109863463663
3817,4.060802745211721
3818,3.889343371170682
3819,3.678524746430772
3820,3.5362116650939504
3821,3.650070481460514
3822,4.3018215076279125
3823,4.384041925462285
3824,4.470562906237827
3825,4.519355611901971
3826,4.270559405947806
3827,4.093986538594932
3828,4.0864006541904345
3829,4.14965478797128
3830,4.2339522959346345
3831,4.275289566857739
3832,4.327381541264735
3833,4.564431352651876
3834,4.911249224658961
3835,5.097480992903934
3836,5.219980147245411
3837,5.234294678985899
3838,5.190364666665425
3839,4.694204019692012
3840,4.1200238672880545
3841,3.9320686261740065
3842,3.7606079335298688
3843,3.556451047500088
3844,3.4169807305869324
3845,3.5035303942075893
3846,4.118148135352338
3847,4.384816889833703
3848,4.527057188658014
3849,4.58757254489565
3850,4.389445359551042
3851,4.217534650414966
3852,4.214640290860904
3853,4.3138782604851755
3854,4.415273151918284
3855,4.48077475747335
3856,4.575723802944933
3857,4.636700773711906
3858,4.977150104705146
3859,5.170795607176423
3860,5.302893888380606
3861,5.3156648144582945
3862,5.362152322809694
3863,4.874298050343373
3864,4.296186140653558
3865,4.120952565518871
3866,3.9620012330254135
3867,3.759747735986581
3868,3.6312861261329963
3869,3.731540637336892
3870,4.343086439111947
3871,4.585225850365008
3872,4.739100248393707
3873,4.808583822306103
3874,4.590174828454328
3875,4.4219980091711
3876,4.416601481253801
3877,4.520158712679342
3878,4.63687064440273
3879,4.697225465284433
3880,4.7863221420045035
3881,4.834913172225533
3882,5.197393164168737
3883,5.3651959219921155
3884,5.472738612475038
3885,5.487880620720702
3886,5.541422536777718
3887,5.061043587607101
3888,4.468304776211003
3889,4.258049951527887
3890,4.062977757194087
3891,3.858080501089166
3892,3.724146548138015
3893,3.8137815393507313
3894,4.426282690786785
3895,4.4783630390605875
3896,4.586480778992737
3897,4.686798504425685
3898,4.45979410641972
3899,4.269007726625129
3900,4.257132868194268
3901,4.351693945999911
3902,4.470123310678661
3903,4.541287847861992
3904,4.635444252520207
3905,4.914431552019066
3906,5.323088653412378
3907,5.526436919709281
3908,5.656812885662662
3909,5.685417428269342
3910,5.661729139745905
3911,5.186069384715217
3912,4.599073355595287
3913,4.411524702004593
3914,4.2448980161399374
3915,4.033540015055481
3916,3.874736945899558
3917,3.9525860157668142
3918,4.5783123075349765
3919,4.670884088003904
3920,4.776343408568534
3921,4.841874177272052
3922,4.621570894827947
3923,4.446111450745981
3924,4.454311663335352
3925,4.580444668532625
3926,4.6944041860604635
3927,4.760382283033534
3928,4.836982862782566
3929,5.119101374188154
3930,5.539866212531558
3931,5.738926549988381
3932,5.862712080999149
3933,5.862091644509657
3934,5.796433875715222
3935,5.2920674784769535
3936,4.673186383108812
3937,4.463540281797434
3938,4.2757025406685125
3939,4.0536551340223905
3940,3.9072356582254057
3941,3.977875370738276
3942,4.58319661413447
3943,4.653333149660163
3944,4.753604534601078
3945,4.844566118035518
3946,4.595040426204518
3947,4.376703591180128
3948,4.364476221686047
3949,4.465969447370027
3950,4.576824175956931
3951,4.651876280861984
3952,4.735920481356204
3953,5.003444498425916
3954,5.382348242621493
3955,5.6050574909845805
3956,5.7375221361994395
3957,5.772250567663385
3958,5.7662597936498825
3959,5.2781595522607425
3960,4.651394600111308
3961,4.430908960029165
3962,4.251107221279487
3963,4.0355538734069
3964,3.894308732183624
3965,3.9576694029200192
3966,4.56416566705517
3967,4.658760423418286
3968,4.784264470246953
3969,4.869568744939102
3970,4.625891010966589
3971,4.449574615975661
3972,4.455500303593275
3973,4.556897652810266
3974,4.6805003893849655
3975,4.753746280910112
3976,4.828907959695155
3977,5.105247870577348
3978,5.4841418040846355
3979,5.706116803594887
3980,5.85414870386122
3981,5.892667078007217
3982,5.8950132018272186
3983,5.403183445539784
3984,4.81269007408794
3985,4.621620311397925
3986,4.447554539757831
3987,4.253755249807574
3988,4.132113182620182
3989,4.222120559705808
3990,4.8110128654727005
3991,4.879899132280807
3992,4.9833057940296674
3993,5.06719276063837
3994,4.866003780637509
3995,4.682287420098041
3996,4.6520567169891445
3997,4.737919613921049
3998,4.8147389087553
3999,4.861594776239913
4000,4.940846717129409
4001,5.1955608637661275
4002,5.519600687262306
4003,5.690667438393768
4004,5.839695599698298
4005,5.863171150633799
4006,5.8245008379377
4007,5.318008600341013
4008,4.734456549697665
4009,4.541321426422263
4010,4.363461082577505
4011,4.156255725892993
4012,4.022780002953068
4013,4.106266468690079
4014,4.707742584125532
4015,4.940610119444516
4016,5.084843889481633
4017,5.1541743089332925
4018,4.934914582917852
4019,4.742935698778499
4020,4.728270190547823
4021,4.829020329338725
4022,4.935475104356171
4023,4.973429633237514
4024,5.020614792961956
4025,5.064305649338724
4026,5.395033168866894
4027,5.550787635283212
4028,5.644408994774119
4029,5.636788183744459
4030,5.675440998841313
4031,5.18407973986341
4032,4.562114585734458
4033,4.365328641942003
4034,4.190740854097632
4035,3.9722973882480876
4036,3.831655745392638
4037,3.902674205283101
4038,4.499222118763638
4039,4.7489326816903885
4040,4.889119871452759
4041,4.942528737995602
4042,4.726982528657879
4043,4.542107617890204
4044,4.529642817092204
4045,4.621793000966095
4046,4.739097840043689
4047,4.798458675440944
4048,4.871287340936196
4049,4.922883356649713
4050,5.241066091773622
4051,5.426320609048814
4052,5.566526609838464
4053,5.583475424667277
4054,5.635738074508685
4055,5.163799203033578
4056,4.5417009372958335
4057,4.3466182197952286
4058,4.182742266568847
4059,3.9727521486577686
4060,3.8516512460438808
4061,3.942832436685961
4062,4.53794304059085
4063,4.600325732679478
4064,4.696433720207554
4065,4.771861001869066
4066,4.557044302698688
4067,4.363841523292527
4068,4.329672147943632
4069,4.386968741588561
4070,4.459652635565611
4071,4.494771871776849
4072,4.539132994515126
4073,4.756220386551552
4074,5.0835216794207
4075,5.2623394544896245
4076,5.380841663052076
4077,5.38382206323308
4078,5.328724311999707
4079,4.831862564568694
4080,4.234578832366268
4081,4.036527394135176
4082,3.8707541742473093
4083,3.6815345997393436
4084,3.552919804522922
4085,3.631799249929521
4086,4.2506410345090035
4087,4.321296725765537
4088,4.425276300632181
4089,4.516170021929176
4090,4.302727679024807
4091,4.109670943733563
4092,4.089797513235194
4093,4.14755460611954
4094,4.229246987044591
4095,4.302095435641822
4096,4.332091385896677
4097,4.554523415925092
4098,4.905378486884759
4099,5.098279885293309
4100,5.231463164400094
4101,5.2499191989003124
4102,5.214251038990109
4103,4.734828448488311
4104,4.138163009822435
4105,3.9489419713306257
4106,3.775520365697053
4107,3.586117220391055
4108,3.470434713366814
4109,3.5489441258600056
4110,4.164426795168234
4111,4.227639748570652
4112,4.328925130224837
4113,4.420331307887166
4114,4.20408088386515
4115,4.0197003729987335
4116,4.001945362872386
4117,4.065626218777005
4118,4.15751682458291
4119,4.226679646652908
4120,4.25922401089505
4121,4.476095673580971
4122,4.846390950103388
4123,5.0155039979066
4124,5.1212882519928815
4125,5.14486844130883
4126,5.107744717156659
4127,4.623136401408452
4128,4.061992419786486
4129,3.882270690421372
4130,3.71423539662698
4131,3.530086771543371
4132,3.3931459993230924
4133,3.3444209571659393
4134,4.038616771405599
4135,4.134210986114188
4136,4.248511085460723
4137,4.344812200088691
4138,4.134443697666243
4139,3.958630773951703
4140,3.946984811864217
4141,4.015317615761432
4142,4.097789506341458
4143,4.148233295797068
4144,4.2034471368144795
4145,4.441027693452448
4146,4.788333815835981
4147,4.975619926317832
4148,5.080623409076756
4149,5.103754775418554
4150,5.070613658672709
4151,4.582049068333963
4152,4.0003528333708385
4153,3.815808734270509
4154,3.6669151723367737
4155,3.4907950757205466
4156,3.343942035589626
4157,3.293813861705523
4158,3.99363969361105
4159,4.093901005013631
4160,4.1997211298893875
4161,4.2915950776873935
4162,4.0899591319593736
4163,3.9334390087890627
4164,3.9567831516745624
4165,4.054935387215064
4166,4.164846663592597
4167,4.226141020970735
4168,4.3013002001399645
4169,4.571754733838182
4170,4.944378561795134
4171,5.168586957555718
4172,5.330228650788661
4173,5.360264830157021
4174,5.330189617489672
4175,4.8550944888215835
4176,4.297620109196377
4177,4.126216909271889
4178,3.962401036503253
4179,3.777083423353354
4180,3.64122388819552
4181,3.591325448917063
4182,4.2786652442754995
4183,4.528576993478027
4184,4.682122805485687
4185,4.79978971234728
4186,4.574525504956409
4187,4.377413498424959
4188,4.365631758042066
4189,4.4415585495843946
4190,4.558135256412942
4191,4.6164344449874175
4192,4.679427679298844
4193,4.715910769925495
4194,5.016966346450356
4195,5.156148498715223
4196,5.272554580230048
4197,5.274155200328421
4198,5.296524719598258
4199,4.809530794392634
4200,4.248458787903191
4201,4.044572694908156
4202,3.862341009238037
4203,3.6745572801088078
4204,3.5322678817380098
4205,3.485003006085444
4206,4.170416374349928
4207,4.401991982780423
4208,4.531899847570459
4209,4.64907500397733
4210,4.433392376717392
4211,4.237367789179551
4212,4.250596861914561
4213,4.363140737131206
4214,4.461277419784307
4215,4.5234902144091835
4216,4.568520607731458
4217,4.563727384723241
4218,4.878787730262145
4219,5.02163013030772
4220,5.114277886666313
4221,5.1469513140507255
4222,5.1710727306685165
4223,4.684692544284702
4224,4.109850533894817
4225,3.9270427233972427
4226,3.757291922152151
4227,3.5628722508742756
4228,3.4152682742261407
4229,3.3496528345181997
4230,4.028753670597705
4231,4.122061386262888
4232,4.229118210335649
4233,4.32088978456114
4234,4.116215196199357
4235,3.9254178239370066
4236,3.916961528502295
4237,4.009857588557205
4238,4.105607958938964
4239,4.177232073300525
4240,4.2240767387195115
4241,4.455127534720391
4242,4.839375833552858
4243,5.01257774257326
4244,5.109352329429466
4245,5.148849938285604
4246,5.12737931294323
4247,4.62976845597278
4248,4.054717509356752
4249,3.892208446942293
4250,3.743357064851481
4251,3.5778740792558565
4252,3.4314408327485046
4253,3.367609484000858
4254,4.052325925688045
4255,4.153969109241995
4256,4.278707800281502
4257,4.374977038595619
4258,4.165007173879018
4259,3.965789889129535
4260,3.9474316440471617
4261,4.035791624316492
4262,4.110272588852583
4263,4.131562734007441
4264,4.174825534601931
4265,4.4010601128606766
4266,4.746882251431959
4267,4.901923551376989
4268,4.998027632821651
4269,5.042231452016667
4270,4.99786706518512
4271,4.512781671212936
4272,3.9727769794488634
4273,3.805903573087569
4274,3.6618235961859864
4275,3.47902992770291
4276,3.3223586248722894
4277,3.2823246742722625
4278,3.982466521559732
4279,4.058627640481876
4280,4.165760730699628
4281,4.2902405646508495
4282,4.106705430473643
4283,3.9076977035339273
4284,3.878762661199427
4285,3.970835059965406
4286,4.036908468124222
4287,4.051867752740439
4288,4.098766702546548
4289,4.338055813598997
4290,4.655935581365185
4291,4.797598373518262
4292,4.910406012905955
4293,4.961064417361825
4294,4.9398695459081
4295,4.459866122010374
4296,3.8647348077239725
4297,3.6884853943657996
4298,3.5269406982858382
4299,3.3402315632785315
4300,3.2110903452921105
4301,3.167933447100549
4302,3.849102537504985
4303,3.9486894119097227
4304,4.053663532481946
4305,4.151699752196081
4306,3.9603760265662005
4307,3.773814733497106
4308,3.770879571795485
4309,3.8643342011538153
4310,3.959217980695365
4311,4.004121924550799
4312,4.049000181672224
4313,4.3119880645872986
4314,4.662952377147368
4315,4.865188312266501
4316,4.999679616955592
4317,5.0113837017850065
4318,4.975304687625064
4319,4.467147517724874
4320,3.873767358287762
4321,3.687067997912356
4322,3.541328986542512
4323,3.356176133226085
4324,3.184060016881291
4325,3.1214929103092075
4326,3.8249518224635026
4327,3.9265321179820227
4328,4.058665329016524
4329,4.163425363210426
4330,3.9565139782450602
4331,3.773198274204655
4332,3.753818909907916
4333,3.8398767404575502
4334,3.925903573824049
4335,3.982624919866756
4336,4.0367720321329665
4337,4.288753980197304
4338,4.679317141849132
4339,4.879803913955189
4340,5.0224220895405685
4341,5.103598522305431
4342,5.077867461232373
4343,4.586564577550521
4344,4.063229525599292
4345,3.8828447442009497
4346,3.722310104291369
4347,3.5716199426556994
4348,3.453844407720144
4349,3.4348554725356384
4350,4.11984434867934
4351,4.421155271712221
4352,4.60821898463701
4353,4.681117052329605
4354,4.539875699105401
4355,4.426677832615488
4356,4.416896651279557
4357,4.490999849883583
4358,4.613903261745373
4359,4.662263371916831
4360,4.722436443565443
4361,4.799008800611956
4362,5.119505813848452
4363,5.258639480553592
4364,5.384507668988507
4365,5.44748072726686
4366,5.545420917394079
4367,5.0788990637259985
4368,4.476546533621221
4369,4.3165121663000825
4370,4.174624093122708
4371,3.955728152587773
4372,3.8253700367648173
4373,3.756584720337935
4374,4.232151608109346
4375,4.462745955135518
4376,4.689488867913846
4377,4.853297867276919
4378,4.687433929887393
4379,4.551137159452172
4380,4.590142466490962
4381,4.671164201870928
4382,4.74513841565421
4383,4.807085437429276
4384,4.943849729930632
4385,5.027948662676331
4386,5.3440162967603095
4387,5.543336508372074
4388,5.685526217779559
4389,5.688596347205782
4390,5.745940876569524
4391,5.2746147703100466
4392,4.644084236913137
4393,4.468639325732046
4394,4.308346033596944
4395,4.097773930619284
4396,3.941664925022098
4397,3.8912345788317113
4398,4.550404255659047
4399,4.657083547934857
4400,4.799345079110362
4401,4.882582370618419
4402,4.690909570829387
4403,4.506616919630932
4404,4.466894353228567
4405,4.545596039358213
4406,4.648402204762217
4407,4.696026963228035
4408,4.754013633750031
4409,4.988607698523806
4410,5.34508269358287
4411,5.585293232457112
4412,5.738253241529835
4413,5.7416670743699045
4414,5.669836079467885
4415,5.175075875585962
4416,4.6173012173005485
4417,4.464844633288677
4418,4.308440739707033
4419,4.092774460858554
4420,3.949801251561719
4421,3.887739514212299
4422,4.565239177709667
4423,4.69319898890749
4424,4.826629085745126
4425,4.9022954148601805
4426,4.707652187898488
4427,4.530097488616592
4428,4.491498908134458
4429,4.569816322363522
4430,4.675456308936064
4431,4.725410023862281
4432,4.7770011554355305
4433,5.00218510535186
4434,5.3942869365466315
4435,5.643566780842822
4436,5.782746037727365
4437,5.764888510153463
4438,5.731897034547369
4439,5.231612108484595
4440,4.595005923672929
4441,4.416523238110088
4442,4.26145084255928
4443,4.031838441005506
4444,3.873855201222048
4445,3.8036711388473976
4446,4.450195848807185
4447,4.5364840230905825
4448,4.679640726344972
4449,4.7637413633427785
4450,4.555913706488659
4451,4.367841931110418
4452,4.363128907945703
4453,4.403960987415078
4454,4.464635666913418
4455,4.50452344901145
4456,4.564920863697884
4457,4.8393753553169825
4458,5.233963539872343
4459,5.419397060474998
4460,5.513888988905758
4461,5.537953549583118
4462,5.560319355118591
4463,5.1032790772603045
4464,4.487372201166371
4465,4.310936672538436
4466,4.165026752502538
4467,3.9486468749978374
4468,3.7984912503609
4469,3.7338335293485487
4470,4.370275775151744
4471,4.4609080753117185
4472,4.587855945247044
4473,4.672210814489141
4474,4.479835872213916
4475,4.306283670267873
4476,4.285981460612313
4477,4.3758483634248435
4478,4.463721166808397
4479,4.529261470890254
4480,4.618560899495791
4481,4.892220538036878
4482,5.240912284316384
4483,5.470366056760718
4484,5.633781674799185
4485,5.653061346912498
4486,5.6393376309698215
4487,5.163565028234272
4488,4.554831108130436
4489,4.3688050138783145
4490,4.1948232000837224
4491,3.9794779200242267
4492,3.8315997498232743
4493,3.761678158438565
4494,4.422108496322968
4495,4.538882817677138
4496,4.653310077552667
4497,4.744267199419261
4498,4.553171396047583
4499,4.377245247398363
4500,4.378804439581694
4501,4.418566773664604
4502,4.476943325805358
4503,4.516977717407642
4504,4.577945016083053
4505,4.826632903725353
4506,5.191080233889875
4507,5.4172238349371105
4508,5.565881474005146
4509,5.5796627671767665
4510,5.518817307974893
4511,5.0368646098953604
4512,4.5207933520973755
4513,4.343112781067801
4514,4.18461103768993
4515,4.034661769634326
4516,3.92467980943338
4517,3.8828976135414974
4518,4.5490515028171945
4519,4.831911480959306
4520,5.054207189141063
4521,5.1313203367324745
4522,4.907595274006928
4523,4.733993160642237
4524,4.746698224810585
4525,4.820257504223853
4526,4.898995489671606
4527,4.9282134848706125
4528,4.9823260921295525
4529,5.015195296255879
4530,5.306202388326624
4531,5.474054021734635
4532,5.579608195657135
4533,5.554598524134129
4534,5.599708143203515
4535,5.115696089289705
4536,4.492305805901027
4537,4.3139450873461
4538,4.166044608570527
4539,3.9578537759727768
4540,3.815495752300918
4541,3.767925468617317
4542,4.423119167915382
4543,4.660636958684613
4544,4.815000393402375
4545,4.952868018090708
4546,4.7452210769687415
4547,4.5172442762755605
4548,4.524066857641713
4549,4.653434467457283
4550,4.752549131326302
4551,4.781540795483831
4552,4.831613247334098
4553,4.8824224290189475
4554,5.183602323956092
4555,5.354270013464892
4556,5.473885839390242
4557,5.451549550455004
4558,5.501858319212708
4559,5.033772584633784
4560,4.3977133395786545
4561,4.223324383712853
4562,4.081875166160144
4563,3.8931952399677705
4564,3.7435402444393766
4565,3.701117867240735
4566,4.354144907102792
4567,4.45358089120098
4568,4.598315392202526
4569,4.691659198235078
4570,4.5139783730131535
4571,4.341834944569916
4572,4.314499108565817
4573,4.3693484214834175
4574,4.44810278886526
4575,4.534183658587187
4576,4.614960855603104
4577,4.890730130265224
4578,5.249294798924396
4579,5.435728413557979
4580,5.588678247391447
4581,5.588807683453596
4582,5.556864007027891
4583,5.0551059372242975
4584,4.45552193517491
4585,4.249296971937787
4586,4.073352717915191
4587,3.903178604137532
4588,3.759097419950922
4589,3.708358879261909
4590,4.366742214313324
4591,4.457283031150185
4592,4.546787124891029
4593,4.64146944102307
4594,4.4424319031284005
4595,4.2528633103018585
4596,4.271931943474043
4597,4.346381536106102
4598,4.433213896584344
4599,4.53053245466271
4600,4.621583168258423
4601,4.884000827126402
4602,5.233927629982374
4603,5.408851727196214
4604,5.5516541582054675
4605,5.625642819403581
4606,5.622648520731799
4607,5.104735847524724
4608,4.500112968895217
4609,4.328513719658969
4610,4.1491958196463345
4611,3.9438529229534907
4612,3.7783488841047896
4613,3.717787015510105
4614,4.402210040109278
4615,4.499456737289776
4616,4.640874043446095
4617,4.7471625635011945
4618,4.529041565580892
4619,4.352264052280895
4620,4.361927297859755
4621,4.420015698812762
4622,4.4795043840663835
4623,4.547532264988821
4624,4.612589918682058
4625,4.883636638390236
4626,5.255713561148368
4627,5.478188259929007
4628,5.603340028376003
4629,5.615869055373357
4630,5.612259962764737
4631,5.128774055738742
4632,4.526053825125739
4633,4.3579140598371655
4634,4.212019563724553
4635,4.0415406265485565
4636,3.880319459678185
4637,3.8095862478871747
4638,4.483586963652256
4639,4.5866456744650455
4640,4.739001140353313
4641,4.846630139776135
4642,4.6462744421250415
4643,4.454664426425054
4644,4.444036313954912
4645,4.498420109442056
4646,4.571344030493562
4647,4.6579252846814345
4648,4.732490106241537
4649,5.007079375547002
4650,5.36246047142113
4651,5.575932824753175
4652,5.722000767016062
4653,5.765121883691404
4654,5.7060038156375255
4655,5.178257081383335
4656,4.600483075918663
4657,4.434743137380966
4658,4.26126302003408
4659,4.071158221587544
4660,3.9441243123429777
4661,3.887827928060254
4662,4.5536663250314335
4663,4.649854773712808
4664,4.797997865121784
4665,4.902659126206739
4666,4.7045947947512134
4667,4.518662204770949
4668,4.514953279623794
4669,4.5787944381558
4670,4.6577236003740845
4671,4.744360684726214
4672,4.8008528688222585
4673,5.043998826837955
4674,5.4428252339599075
4675,5.653802790142471
4676,5.796018725447273
4677,5.792705702517494
4678,5.756680815909102
4679,5.268907062317043
4680,4.693586082461713
4681,4.52519175835091
4682,4.352295490093337
4683,4.15227557373994
4684,4.0226413304321555
4685,3.9609492439829754
4686,4.5977209866303665
4687,4.827787197895467
4688,4.981834401685336
4689,5.121525168910928
4690,4.9806126052357
4691,4.822551158117961
4692,4.786461739588679
4693,4.876655299367791
4694,5.00010386749349
4695,5.043951711711782
4696,5.133571364069738
4697,5.204183021036669
4698,5.508867209318499
4699,5.689181037523423
4700,5.828349255344303
4701,5.821175306085526
4702,5.869020011359058
4703,5.372722667038494
4704,4.77992336398213
4705,4.606817712956737
4706,4.441059493579053
4707,4.227422096667865
4708,4.0565103430282035
4709,3.998045698397478
4710,4.641767672341421
4711,4.915015387588061
4712,5.096355695809698
4713,5.189984308632932
4714,4.937243571790422
4715,4.729079763240872
4716,4.70149088606537
4717,4.756043725114727
4718,4.904541434277332
4719,4.999990466491701
4720,5.112856227675532
4721,5.163550887807408
4722,5.4924359757302765
4723,5.707582869240449
4724,5.83791151090475
4725,5.840253819640347
4726,5.899367640806985
4727,5.438801552521118
4728,4.820908542716642
4729,4.631139080655276
4730,4.446986413426016
4731,4.217915805121683
4732,4.064891481022239
4733,3.9872525120170996
4734,4.62693228244212
4735,4.739992925876442
4736,4.871751109144419
4737,4.992195127905229
4738,4.8253707977309785
4739,4.656774225799562
4740,4.617329716118555
4741,4.714175923605552
4742,4.837097751387396
4743,4.92201435154087
4744,5.032477742224688
4745,5.3081435146249705
4746,5.7005423046780095
4747,5.963159013921075
4748,6.131803929208207
4749,6.154656805895356
4750,6.142645164271609
4751,5.665967787722959
4752,5.0898723209034715
4753,4.89418820934712
4754,4.693833895076901
4755,4.482977169718793
4756,4.330168926700155
4757,4.263982013835677
4758,4.899667478668524
4759,4.970478917569838
4760,5.120391398747092
4761,5.243562715572008
4762,5.061740339275923
4763,4.878349215283164
4764,4.841036436011412
4765,4.917404433241545
4766,5.032868634273458
4767,5.0948910004572765
4768,5.175473918484832
4769,5.386449339757036
4770,5.749151004776522
4771,6.020749877863568
4772,6.171829222120947
4773,6.181978941575767
4774,6.1919582541834535
4775,5.715521419092008
4776,5.085676417416091
4777,4.89945367085716
4778,4.736979167232265
4779,4.52952015193813
4780,4.375076298215371
4781,4.271145326863459
4782,4.828278485375921
4783,4.944811563663367
4784,5.113679584397631
4785,5.226737388269729
4786,5.022722453216277
4787,4.839905136225196
4788,4.824442348677915
4789,4.907453963467773
4790,5.016990876505942
4791,5.0823198227529165
4792,5.149010120830753
4793,5.420166921346131
4794,5.7711913679383535
4795,5.9842830151659685
4796,6.138971503431286
4797,6.149680179310958
4798,6.104036817001495
4799,5.629587478978331
4800,5.026420933114314
4801,4.832443512563444
4802,4.638122590191792
4803,4.417375416896456
4804,4.276434335932667
4805,4.2066317799911745
4806,4.814517727671859
4807,4.886754433643328
4808,5.032846382396321
4809,5.180861319190553
4810,4.99588489605106
4811,4.826553178449376
4812,4.815290056064598
4813,4.875255520448606
4814,4.927081186400656
4815,4.990758375745998
4816,5.064128222717135
4817,5.34837083685952
4818,5.719152610594272
4819,5.937162933830656
4820,6.093430230970559
4821,6.09896436478346
4822,6.0730172251801715
4823,5.5630487275614176
4824,4.9567993105813235
4825,4.752973311514063
4826,4.588033634574903
4827,4.426543418111779
4828,4.266282109057818
4829,4.18540724750744
4830,4.855722278537541
4831,4.941210644320625
4832,5.068297758666843
4833,5.2284396674387565
4834,5.040872903426382
4835,4.842683816365887
4836,4.854934145754675
4837,4.909780123581935
4838,4.9636073561703595
4839,5.045933004208124
4840,5.110399924337655
4841,5.370360271598991
4842,5.793639809515446
4843,6.008373958043991
4844,6.146817796283748
4845,6.21084808693514
4846,6.198844937000027
4847,5.673826086664211
4848,5.098540085799277
4849,4.931556676209682
4850,4.7465872407661225
4851,4.531136461553506
4852,4.3871123541506725
4853,4.311908131172523
4854,4.958074526554202
4855,5.215273437703946
4856,5.376935298534253
4857,5.5255334775198754
4858,5.340697029543629
4859,5.150268959601784
4860,5.175260361835713
4861,5.26891283644556
4862,5.370464379698405
4863,5.477455107385042
4864,5.567174516368882
4865,5.59638328970472
4866,5.949922983332988
4867,6.102609690062295
4868,6.211866907297915
4869,6.2107208666894085
4870,6.262886704538486
4871,5.8418097409992855
4872,5.266968255867276
4873,5.0950209060530005
4874,4.923414142647455
4875,4.674492857414062
4876,4.5219679802599195
4877,4.461797250022107
4878,5.093858154493656
4879,5.394512809044452
4880,5.586181291495261
4881,5.68670056372692
4882,5.5303149982016775
4883,5.3590103640974665
4884,5.300011342551012
4885,5.407056771831121
4886,5.532461821945624
4887,5.56491980147063
4888,5.686611831885835
4889,5.771993874359946
4890,6.088867315865285
4891,6.317442736924075
4892,6.465228876889401
4893,6.438168045164511
4894,6.506868763760424
4895,6.039940384137775
4896,5.370546724097741
4897,5.174680717918319
4898,5.002294552290131
4899,4.791571535866574
4900,4.595501845757611
4901,4.492921646418461
4902,5.08327306324219
4903,5.1968306310341275
4904,5.356787395444015
4905,5.439092046127036
4906,5.276635955847764
4907,5.101262410814704
4908,5.054259078843456
4909,5.118022849744327
4910,5.2141080358943235
4911,5.2661478068463445
4912,5.3344862535251165
4913,5.596196672698213
4914,5.92297569900363
4915,6.140657561237586
4916,6.3010382413593495
4917,6.294561899566179
4918,6.261648281292032
4919,5.749387194836862
4920,5.147124480511462
4921,4.985098508940551
4922,4.823220940524478
4923,4.597894664771651
4924,4.444565296092701
4925,4.39019494644814
4926,5.024194583284693
4927,5.124920030059762
4928,5.262007018402335
4929,5.365373230630231
4930,5.194419259708497
4931,5.001605658076151
4932,4.97082048405893
4933,5.036692063603904
4934,5.1268431826647625
4935,5.176639131419307
4936,5.252064245457183
4937,5.520984684192327
4938,5.877850081903957
4939,6.101857286595591
4940,6.25322718766858
4941,6.252354018324008
4942,6.232508123531679
4943,5.756615500261138
4944,5.142211928246721
4945,4.957098967986978
4946,4.798379550787664
4947,4.580931342899972
4948,4.432947364218931
4949,4.378813914867157
4950,5.02082685031482
4951,5.122589471826986
4952,5.25492590628107
4953,5.366501191620941
4954,5.2031391273070815
4955,5.006644439604358
4956,4.982307573500588
4957,5.010547953202932
4958,5.111766976975073
4959,5.206274556382418
4960,5.294650128326889
4961,5.564972224703994
4962,5.919393660793026
4963,6.160377393685999
4964,6.321596221331917
4965,6.330391376059342
4966,6.299741189031131
4967,5.843274853741525
4968,5.2682261472246354
4969,5.045342513610917
4970,4.855148493499024
4971,4.622397360152154
4972,4.464166804616159
4973,4.406126503144184
4974,5.104361519736224
4975,5.225514936518859
4976,5.32844941678205
4977,5.422452174269187
4978,5.252781198711421
4979,5.082426881392245
4980,5.037069726077743
4981,5.108217964914238
4982,5.180004751434975
4983,5.235926230402211
4984,5.278778264062908
4985,5.486760566916816
4986,5.8570444067766925
4987,6.11109511688843
4988,6.255347761077035
4989,6.2366296715648675
4990,6.22354409541901
4991,5.736900016618878
4992,5.108559073662183
4993,4.9364855866751665
4994,4.786249193157925
4995,4.6125256840962
4996,4.4530202936679055
4997,4.385867101267058
4998,5.080844795335262
4999,5.185778273391108
5000,5.296900755847044
5001,5.445654806963551
5002,5.257287201500989
5003,5.053550871936269
5004,5.055704681775092
5005,5.10674485196022
5006,5.144132816567822
5007,5.176444582110856
5008,5.2321460644165425
5009,5.475245769882711
5010,5.798440897825084
5011,6.012594086775129
5012,6.157978198840317
5013,6.136728846074119
5014,6.110948167260503
5015,5.596401626567954
5016,5.00317751430018
5017,4.830003987521115
5018,4.667231862752812
5019,4.463196734824989
5020,4.335270710393055
5021,4.279847357820873
5022,4.927013317754264
5023,5.232432608216073
5024,5.396653480251506
5025,5.527593575103891
5026,5.325057423340712
5027,5.1256526501494255
5028,5.078325257640565
5029,5.144442163725603
5030,5.2217368774384205
5031,5.227376860745774
5032,5.29244176801979
5033,5.3754282610365705
5034,5.751423984067102
5035,5.898552377559831
5036,5.964252882706219
5037,5.969905680283908
5038,6.0410861925257695
5039,5.564418626210715
5040,4.990227123697292
5041,4.786348403223483
5042,4.58991113395509
5043,4.359669234952425
5044,4.207058071020263
5045,4.149428705626049
5046,4.776519399918829
5047,5.054588929622445
5048,5.235266936892722
5049,5.3229339667782565
5050,5.121021253445278
5051,4.95349472055756
5052,4.932010372320187
5053,5.010436412552293
5054,5.088998805006061
5055,5.1575468415667425
5056,5.214775463040497
5057,5.227352900886955
5058,5.549471402336786
5059,5.700094843718216
5060,5.860216503922532
5061,5.883681091979223
5062,5.929680665058518
5063,5.4417351426125276
5064,4.7954203553297825
5065,4.598362810979324
5066,4.430968233840373
5067,4.217951584297666
5068,4.0720668253948675
5069,4.016037612023447
5070,4.715020739829486
5071,4.843524294923619
5072,4.958461266796895
5073,5.065546637369067
5074,4.897888771860061
5075,4.721167423522369
5076,4.68269505849316
5077,4.737027804435788
5078,4.833053613460836
5079,4.877699012089919
5080,4.949154507869222
5081,5.2263411328450395
5082,5.603761401470372
5083,5.779406846857291
5084,5.904961940566729
5085,5.958674718725915
5086,5.9122614280489065
5087,5.398819711442406
5088,4.817090074278985
5089,4.614125733596776
5090,4.429870449990548
5091,4.241770365907895
5092,4.084711796522335
5093,4.026454299354999
5094,4.666024177411663
5095,4.789835677278159
5096,4.9449954817878385
5097,5.063574261406315
5098,4.908046080971498
5099,4.750177159043969
5100,4.725769653641959
5101,4.790760384445943
5102,4.867289943237082
5103,4.896243234552208
5104,4.961665092141683
5105,5.224312982558886
5106,5.573521415025846
5107,5.791100330201477
5108,5.932123241370616
5109,5.930282230056325
5110,5.919871370113382
5111,5.4502749002155175
5112,4.832315057746958
5113,4.648793780631796
5114,4.481225397592359
5115,4.246774351221421
5116,4.095718694186616
5117,4.046984846425883
5118,4.698184643123241
5119,4.827489310215497
5120,4.986269619062231
5121,5.0898766841381216
5122,4.904015643907641
5123,4.721625161156682
5124,4.678130573593459
5125,4.763454241493523
5126,4.855500548728748
5127,4.890123190330424
5128,4.978608910082191
5129,5.2612355669954685
5130,5.6171571741888915
5131,5.86175495586927
5132,5.998646792376101
5133,6.0096687300181975
5134,6.012420891818556
5135,5.5297254675036704
5136,4.948528163491545
5137,4.738837973963229
5138,4.574954804622215
5139,4.430765812207985
5140,4.272712051970517
5141,4.199974119872712
5142,4.844379794968705
5143,4.9781154119379485
5144,5.142751708478444
5145,5.241904731092146
5146,5.081393974134682
5147,4.925007984225721
5148,4.876842600742373
5149,4.92094697608984
5150,4.9570959671172155
5151,4.986814746795502
5152,5.0571446503023205
5153,5.303028749997795
5154,5.618738598390977
5155,5.830164607239237
5156,5.967688867368737
5157,5.944266008949159
5158,5.90695424165605
5159,5.4202115479062565
5160,4.799650327914595
5161,4.613981392824207
5162,4.457300076011955
5163,4.2827812032982395
5164,4.120979147226345
5165,4.049161166937104
5166,4.703809470365203
5167,4.849152509102271
5168,5.017982608142878
5169,5.1186592349705125
5170,4.947172592779695
5171,4.771933302631365
5172,4.718889441447274
5173,4.786246538370632
5174,4.893605064182159
5175,4.932673079482218
5176,4.999781086250497
5177,5.274751265591355
5178,5.631856277290287
5179,5.860927901230418
5180,6.009816023712112
5181,6.044197702998505
5182,5.976078324664936
5183,5.447873630965092
5184,4.887156044423385
5185,4.680135924348155
5186,4.511434380400645
5187,4.294286855882575
5188,4.142036863147278
5189,4.092338487965808
5190,4.783607057033282
5191,5.060533170568465
5192,5.229589207382712
5193,5.322238483894673
5194,5.1505558825664375
5195,4.979346834887912
5196,4.943495712827322
5197,5.019015464862526
5198,5.119136161226029
5199,5.151729581815922
5200,5.237241670820252
5201,5.2909368902967175
5202,5.598150208103947
5203,5.785599135365769
5204,5.914141622504429
5205,5.951587653116847
5206,5.97365978451715
5207,5.47553625630826
5208,4.867291038338196
5209,4.683265162115805
5210,4.519170634176545
5211,4.295470493046258
5212,4.1435638045754395
5213,4.089685544028941
5214,4.761539198370539
5215,5.061510724771203
5216,5.248692378679594
5217,5.347613388898701
5218,5.175523229533604
5219,4.996443272727185
5220,4.945084751631046
5221,5.028303969442564
5222,5.115886609301306
5223,5.1388388308262485
5224,5.203935794124891
5225,5.264868632092413
5226,5.592116187986343
5227,5.777282724330616
5228,5.906060511831234
5229,5.895419229533118
5230,5.9426754174388075
5231,5.470055457231271
5232,4.83246501011461
5233,4.642430245047399
5234,4.47766152464351
5235,4.255742265977277
5236,4.099108605641649
5237,4.041871321160975
5238,4.699887640473333
5239,4.838323554811444
5240,4.996152518255796
5241,5.102458665798822
5242,4.914886570990121
5243,4.731778426420306
5244,4.707519828233984
5245,4.777199685626924
5246,4.850844329148504
5247,4.8768027622429395
5248,4.93702021921119
5249,5.188112067193487
5250,5.585312195686871
5251,5.784794642240259
5252,5.9082841707698925
5253,5.9250154237545765
5254,5.9021179481466595
5255,5.417915042105456
5256,4.802961551509946
5257,4.624758685821128
5258,4.468445900575986
5259,4.251866684494627
5260,4.107726954778441
5261,4.051133190916318
5262,4.709361919354256
5263,4.839134853101714
5264,4.996903281404579
5265,5.108599125643164
5266,4.928526968492806
5267,4.774162658616278
5268,4.767734885606996
5269,4.870147862794419
5270,4.946792923634921
5271,4.946892332919152
5272,5.014457756300181
5273,5.296260292531049
5274,5.668206478529799
5275,5.911050998674054
5276,6.063872683736437
5277,6.0676176818920275
5278,6.03782580141307
5279,5.530677148876358
5280,4.938537204022428
5281,4.777574710925996
5282,4.608117137327049
5283,4.383752968591504
5284,4.227905219680603
5285,4.167767009511094
5286,4.828927904476457
5287,4.96052523462179
5288,5.141630496825724
5289,5.292944387844634
5290,5.151461152532166
5291,5.003510184567101
5292,4.975230499499375
5293,5.046219514668581
5294,5.103193427829676
5295,5.106611990004597
5296,5.1743448525616085
5297,5.449380986863872
5298,5.814085932679824
5299,6.038611385398037
5300,6.18383015203195
5301,6.184493346552991
5302,6.171500389412417
5303,5.700339102210886
5304,5.080864850317934
5305,4.888349584153945
5306,4.726007105987906
5307,4.505462922521346
5308,4.348059187446698
5309,4.291036530354388
5310,4.955702287183633
5311,5.095242351499618
5312,5.282736590569264
5313,5.418811156998773
5314,5.25610946072663
5315,5.107540255319859
5316,5.140264444032408
5317,5.188627348457183
5318,5.216439064282814
5319,5.220965903097641
5320,5.250255242770098
5321,5.494056999904442
5322,5.841393785939256
5323,6.066085587358596
5324,6.21368619636572
5325,6.244571372560564
5326,6.169876525946056
5327,5.643588573892203
5328,5.03648753234624
5329,4.875549337058529
5330,4.720835886662037
5331,4.497109357217138
5332,4.342231365740011
5333,4.2986666189779035
5334,4.967726387408521
5335,5.101523577663718
5336,5.279553961732231
5337,5.401305203374611
5338,5.228363998509152
5339,5.063179704318711
5340,5.024027820304438
5341,5.074859200083749
5342,5.1246617968386445
5343,5.1068989579943205
5344,5.156080871114368
5345,5.410277571541065
5346,5.732686478006882
5347,5.935140161274219
5348,6.0712160869123695
5349,6.0503631869785135
5350,6.014990778730785
5351,5.530706070770769
5352,4.936994129330923
5353,4.763884286737651
5354,4.627197145547163
5355,4.440199334162644
5356,4.312196272457976
5357,4.284819542934742
5358,4.95752488072311
5359,5.259427413460883
5360,5.473247326418921
5361,5.607397276468623
5362,5.469746469064772
5363,5.299178681421404
5364,5.25847317572773
5365,5.3223755297346145
5366,5.353065890505477
5367,5.306854738308404
5368,5.358640573730522
5369,5.385336521319696
5370,5.671038028136692
5371,5.841839432179091
5372,5.9498460251854635
5373,5.920734042941439
5374,5.956197206590662
5375,5.461348259589719
5376,4.830672894965339
5377,4.6376547272662965
5378,4.468839470117994
5379,4.248482092884848
5380,4.085391357472583
5381,4.030331223870891
5382,4.711489513364364
5383,4.991796700365407
5384,5.209139700489427
5385,5.348887315987217
5386,5.175891202902393
5387,5.0055874481425855
5388,4.981963689285979
5389,5.042622838824342
5390,5.096285539450046
5391,5.097375699212119
5392,5.174473750782649
5393,5.220962770732652
5394,5.541599482728219
5395,5.729427242869841
5396,5.853702454007303
5397,5.854958677542259
5398,5.907649957645913
5399,5.4291981882381615
5400,4.804200639633055
5401,4.618167719710516
5402,4.452220039214708
5403,4.280447435843543
5404,4.1259939629470015
5405,4.055638077840547
5406,4.699013812973085
5407,4.821164245222923
5408,5.005254100911127
5409,5.171870688108194
5410,5.014917121307059
5411,4.846630799217529
5412,4.827079365493558
5413,4.886019953700066
5414,4.941852350712561
5415,4.984508829367104
5416,5.041185812811866
5417,5.285888105889488
5418,5.672944086432751
5419,5.914970756629079
5420,6.073693070689871
5421,6.08776011788204
5422,6.058530821720587
5423,5.576500133563228
5424,4.973589927692495
5425,4.784251855332817
5426,4.609921165472973
5427,4.392478049612955
5428,4.240720050180062
5429,4.168919115222138
5430,4.839914154792689
5431,4.96596183845235
5432,5.147748810551024
5433,5.28990614273855
5434,5.098974573986789
5435,4.937237583973453
5436,4.913887967375326
5437,4.96552724330408
5438,5.033292810255952
5439,5.038901156821823
5440,5.10052237847256
5441,5.343715034815321
5442,5.69670792425709
5443,5.930629474546715
5444,6.077356463229638
5445,6.0686466069636635
5446,6.019808467851382
5447,5.524614988473575
5448,4.907728350446657
5449,4.7000906546728505
5450,4.534765816630886
5451,4.312600321669749
5452,4.153370989613478
5453,4.0948924712870065
5454,4.77335745167613
5455,4.895824695888616
5456,5.079033611358433
5457,5.221463264731262
5458,5.047867035907223
5459,4.904761079499287
5460,4.896208354383481
5461,4.9582316645967754
5462,5.019013789046385
5463,4.999422185530503
5464,5.043739138780493
5465,5.308468967019655
5466,5.668742191979054
5467,5.892350224586957
5468,6.04082503157666
5469,6.033312831246222
5470,5.95128204358252
5471,5.4485801717239015
5472,4.887088894755594
5473,4.729321635502428
5474,4.566336209495471
5475,4.351820730276248
5476,4.206128382014539
5477,4.146176543667485
5478,4.816129710683673
5479,4.946549591659489
5480,5.136776579116492
5481,5.289629196476822
5482,5.12496536472473
5483,4.963120902901575
5484,4.9367465077333295
5485,4.989428221302888
5486,4.9540701060271175
5487,4.966645015245916
5488,5.070290472130394
5489,5.3173241367759445
5490,5.651621987902749
5491,5.866990965742989
5492,6.00608602097916
5493,6.0048272066632356
5494,5.96673448624717
5495,5.466790964217083
5496,4.84591806201052
5497,4.656137831395344
5498,4.493242557187563
5499,4.303199726056252
5500,4.151688863418882
5501,4.067838150729516
5502,4.749598482432863
5503,4.889197450177149
5504,5.081486887953374
5505,5.229613905723472
5506,5.069594244506714
5507,4.899175631570592
5508,4.8684229829540095
5509,4.9324916914080355
5510,4.991083796532028
5511,4.988756450527425
5512,5.050076929526086
5513,5.313647076254581
5514,5.670237367800814
5515,5.894549067674306
5516,6.03997265784724
5517,6.042431593022023
5518,6.0090025040065385
5519,5.522233407543452
5520,4.975537136913794
5521,4.76294480308757
5522,4.5737310352105816
5523,4.3592694360029345
5524,4.209460538139241
5525,4.169529513206515
5526,4.863336595172658
5527,5.1548626064113385
5528,5.3757667937201035
5529,5.516476030076018
5530,5.337859190094404
5531,5.182507606149349
5532,5.1725284284890725
5533,5.227804257318176
5534,5.265759866976839
5535,5.255044915633245
5536,5.323873636447334
5537,5.348323139654298
5538,5.656400484356873
5539,5.857763003803672
5540,5.983386130395276
5541,5.968384035684335
5542,6.017825408161675
5543,5.532504666367931
5544,4.914891955076819
5545,4.742056970825711
5546,4.592263993741859
5547,4.375543927836669
5548,4.223145868593304
5549,4.17160130289718
5550,4.84864385303155
5551,5.146530426923608
5552,5.373884027676515
5553,5.557334250448893
5554,5.382295258858938
5555,5.2060237872537005
5556,5.192813491306887
5557,5.2574914738351195
5558,5.31251690140089
5559,5.29714860283336
5560,5.364850921382301
5561,5.39484128416432
5562,5.699851415158726
5563,5.892071319696158
5564,5.987774208070832
5565,5.9815975253918845
5566,6.025501565005515
5567,5.5336055676216045
5568,4.887241039951964
5569,4.698141780784165
5570,4.5417089297911675
5571,4.359967164163849
5572,4.18886736432048
5573,4.113887214445541
5574,4.7982102640849735
5575,4.90714927566227
5576,5.096296208639091
5577,5.256313468813233
5578,5.081615658012117
5579,4.9091936361115085
5580,4.875956425833771
5581,4.919037045069389
5582,4.957479008110627
5583,4.941664664966055
5584,4.978600143134069
5585,5.214323992119751
5586,5.561238907842621
5587,5.763901212249287
5588,5.890987153020004
5589,5.892094563530626
5590,5.8495195019641155
5591,5.34955959294943
5592,4.729291654930526
5593,4.532364878083903
5594,4.359854213808111
5595,4.1499143503045355
5596,3.9886462496210346
5597,3.909246040430437
5598,4.565887333098232
5599,4.71107035553032
5600,4.907647403368585
5601,5.0540416926764955
5602,4.884006035558619
5603,4.711697392068731
5604,4.677554817512915
5605,4.722461878746147
5606,4.76319902372006
5607,4.755605544158178
5608,4.796598381218268
5609,5.027063589721576
5610,5.406502732033361
5611,5.635891506471465
5612,5.7669305503662
5613,5.774076473173926
5614,5.728758797876741
5615,5.237502808916339
5616,4.637373281299896
5617,4.4521109863702275
5618,4.289165683577659
5619,4.077955043722129
5620,3.8996771590807406
5621,3.868491451525293
5622,4.582361410556703
5623,4.7103510650506735
5624,4.900203212499523
5625,5.052314427534128
5626,4.885852206191873
5627,4.727086575448536
5628,4.707417483120619
5629,4.76240510202161
5630,4.810303676979536
5631,4.8117187018862095
5632,4.8579443765033625
5633,5.108816992546418
5634,5.473675916278732
5635,5.704021403876725
5636,5.841405137180474
5637,5.876247732641278
5638,5.8052778806094985
5639,5.2812093103786575
5640,4.677945525636288
5641,4.498105826455746
5642,4.350253351881366
5643,4.15002808805022
5644,3.9923691595714663
5645,3.914439765721799
5646,4.502150310808597
5647,4.722210836057888
5648,4.945496301234024
5649,5.097890670577134
5650,4.930366292153566
5651,4.789847947679452
5652,4.830460671959023
5653,4.87475421846111
5654,4.893882399587622
5655,4.9131728909030175
5656,4.990512899925064
5657,5.261861395813082
5658,5.640290954254307
5659,5.886438069265285
5660,6.046535393388322
5661,6.0561794238520275
5662,6.029704220339282
5663,5.53237139531198
5664,4.918126200038984
5665,4.734463424689999
5666,4.566118709349061
5667,4.347341327782185
5668,4.170872268579903
5669,4.082439397114937
5670,4.665704036792627
5671,4.87452479282372
5672,5.079895518757237
5673,5.228224635437915
5674,5.075569415396668
5675,4.931771244664219
5676,4.919748023685445
5677,4.983790960932581
5678,5.0281655888245345
5679,4.991244153122131
5680,5.03060417653307
5681,5.289505068011184
5682,5.653130217588187
5683,5.89454588730609
5684,6.02278128983785
5685,6.03826150200344
5686,6.0253609253581235
5687,5.518531879415391
5688,4.907248514904763
5689,4.716663922445327
5690,4.538613907578908
5691,4.304292511566184
5692,4.156100904462125
5693,4.08625484797987
5694,4.652363587457266
5695,5.028671346571698
5696,5.277757915362557
5697,5.424817396120291
5698,5.291072396869036
5699,5.136050421575204
5700,5.095196831207751
5701,5.105248916638572
5702,5.187460605850783
5703,5.198584945589805
5704,5.264728717820559
5705,5.3140506080959575
5706,5.667234518561042
5707,5.827586380595952
5708,5.914236238486264
5709,5.906345917587873
5710,5.956915998022773
5711,5.469676834976789
5712,4.851824842686528
5713,4.661116029112675
5714,4.5540391762557775
5715,4.339127970052229
5716,4.155361175320375
5717,4.082729785526852
5718,4.660504129494523
5719,5.037452864779843
5720,5.281086517663807
5721,5.417263809562838
5722,5.250028622809735
5723,5.088861457485707
5724,5.0791719080416655
5725,5.135814200332649
5726,5.180752952637286
5727,5.1874441501685915
5728,5.255108144097488
5729,5.289631541815011
5730,5.624773848662274
5731,5.827783981284051
5732,5.944230125310088
5733,5.933607691326576
5734,5.977213076179408
5735,5.488363466853099
5736,4.857021336374429
5737,4.669920670363088
5738,4.50415407885138
5739,4.2970854939199015
5740,4.152086576826538
5741,4.071399023388163
5742,4.640370531972964
5743,4.829777544518863
5744,5.021163086409306
5745,5.176775252733271
5746,5.018314584531767
5747,4.849399902959886
5748,4.8547478081367075
5749,4.9055037892055875
5750,4.935360965069408
5751,4.936977411000457
5752,4.988620795586737
5753,5.224960572864762
5754,5.608300742699973
5755,5.8333957669614565
5756,5.968424954599785
5757,5.975419301898361
5758,5.92814784286088
5759,5.4266301575217115
5760,4.821351338881257
5761,4.634600193025611
5762,4.454602187273013
5763,4.242076652881026
5764,4.094919636555454
5765,4.01396665163174
5766,4.582505978920119
5767,4.783066671098556
5768,5.028285479571575
5769,5.231623950491311
5770,5.121184285487619
5771,4.997678775910305
5772,4.9977995489082
5773,5.063855135303897
5774,5.0916419585251385
5775,5.045047448389113
5776,5.042931369532771
5777,5.272730679101949
5778,5.658843281135737
5779,5.884036925198591
5780,6.02108599393781
5781,6.024874122294303
5782,5.9841142225251716
5783,5.4904650774334485
5784,4.885391863101645
5785,4.701654873666389
5786,4.491647999751384
5787,4.284198294283379
5788,4.161671610121964
5789,4.08595987816101
5790,4.668205789639765
5791,4.887500137524555
5792,5.140365757763136
5793,5.339289054961438
5794,5.213561486877582
5795,5.0975093469718695
5796,5.105292644117288
5797,5.172891050695033
5798,5.2033409006645535
5799,5.160463222925232
5800,5.1729220163604905
5801,5.393694081730752
5802,5.762674411062074
5803,5.984302578135218
5804,6.111808309313525
5805,6.146096203842203
5806,6.066070168194673
5807,5.534245723199533
5808,4.923164432990201
5809,4.7306762909799955
5810,4.565666454285198
5811,4.351500939332454
5812,4.206716359860056
5813,4.137095344537258
5814,4.701421087959359
5815,4.920582361395858
5816,5.19219619512472
5817,5.3952358366521675
5818,5.259873091536107
5819,5.137100328329648
5820,5.142069658838366
5821,5.195909958123387
5822,5.231708638847682
5823,5.18243596242095
5824,5.169002135365821
5825,5.385615869348727
5826,5.771419826681157
5827,5.95941358986109
5828,6.064517653794253
5829,6.08169154538467
5830,6.002460905077479
5831,5.466730483325007
5832,4.855401832511008
5833,4.626858593635941
5834,4.427074207968383
5835,4.231697544946818
5836,4.058427256147806
5837,3.9607590710899263
5838,4.5397304500654565
5839,4.740677170137017
5840,4.988734173460941
5841,5.199570834037927
5842,5.0514183615439245
5843,4.911236992681245
5844,4.920853014076149
5845,4.98178793198022
5846,4.995324555874112
5847,4.928751053187742
5848,4.908164534910503
5849,5.099120178335125
5850,5.458082878896819
5851,5.646151996258322
5852,5.753869301057949
5853,5.757644076384834
5854,5.688538611696153
5855,5.178089654406177
5856,4.605055596631156
5857,4.399797761719464
5858,4.208474226022479
5859,3.992051694373247
5860,3.826441623740719
5861,3.7153948288631202
5862,4.290802243168752
5863,4.686768790125316
5864,4.983474815682233
5865,5.183138478622504
5866,5.026186568777414
5867,4.8854840408739975
5868,4.9143704362404375
5869,4.959418252068188
5870,4.974964658706492
5871,4.93568548065928
5872,4.933210392069489
5873,4.941145178159169
5874,5.291855841812903
5875,5.469188289793013
5876,5.578637607132872
5877,5.579940469504952
5878,5.610097893428801
5879,5.127529782945853
5880,4.552411387574431
5881,4.3709958714897015
5882,4.199239342296168
5883,4.023767986602759
5884,3.8634842875630526
5885,3.76139193652896
5886,4.340473028277506
5887,4.732839177626042
5888,5.005538221202015
5889,5.186032365381666
5890,5.09463028495759
5891,5.027391201825754
5892,5.102118907628416
5893,5.176677446486854
5894,5.206253253156595
5895,5.176006900528294
5896,5.19141970419609
5897,5.19931747620911
5898,5.545922243799003
5899,5.73626550890634
5900,5.857495434549492
5901,5.872862180236324
5902,5.915883107542937
5903,5.450542678087911
5904,4.834614331775039
5905,4.6383111433321815
5906,4.4771169964502135
5907,4.282342909861474
5908,4.130595703257135
5909,4.0526052024875
5910,4.62154598922758
5911,4.845006090480466
5912,5.118537247951778
5913,5.322827928477772
5914,5.183480939041771
5915,5.052534191600355
5916,5.072179530765149
5917,5.098037423555134
5918,5.083814476685497
5919,5.024741782780941
5920,5.0038872686090885
5921,5.204704032847042
5922,5.574525569653768
5923,5.764948011797366
5924,5.851187361974887
5925,5.848246835623511
5926,5.787704987945598
5927,5.2403134541828615
5928,4.665590835828003
5929,4.46114740593061
5930,4.2664180880753
5931,4.064837868057704
5932,3.919622613346221
5933,3.8560750490623854
5934,4.466191040182245
5935,4.673693141113513
5936,4.918951629940817
5937,5.139312883641571
5938,5.018553380812772
5939,4.892239728631726
5940,4.913851778740818
5941,4.942576251769028
5942,4.943501193550423
5943,4.919085663687798
5944,4.876405290179008
5945,5.052201339675601
5946,5.420310052876647
5947,5.6003901123629305
5948,5.720973225336887
5949,5.763213066664902
5950,5.680311241556389
5951,5.141341654006769
5952,4.5573227989269895
5953,4.338911714981185
5954,4.15087730923307
5955,3.9568124362369255
5956,3.8078086938136972
5957,3.729751355651062
5958,4.303469482658509
5959,4.536259234807054
5960,4.817494605577201
5961,5.039256298749427
5962,4.903522408292935
5963,4.780788222710086
5964,4.799388233022422
5965,4.846863132690357
5966,4.860908518662109
5967,4.807868127889982
5968,4.783761909462477
5969,4.989159060806033
5970,5.362671849140726
5971,5.561175446181893
5972,5.676430435467625
5973,5.681430569617544
5974,5.6425660898181045
5975,5.145923811570459
5976,4.53751221897292
5977,4.350628174267877
5978,4.183414628401174
5979,3.960917045073041
5980,3.784555759164179
5981,3.690364159156876
5982,4.306286734323713
5983,4.538311759990596
5984,4.779889080477996
5985,4.983319004016917
5986,4.856128918422969
5987,4.737951466044665
5988,4.775934551403073
5989,4.810573812874019
5990,4.794984997949188
5991,4.73191457528254
5992,4.705044118179694
5993,4.885207242956495
5994,5.236267154096759
5995,5.437569134194882
5996,5.5474007858922425
5997,5.53736043468974
5998,5.487037143840499
5999,4.989773659131078
6000,4.3857643111253
6001,4.187532357008463
6002,4.016670170497958
6003,3.8125287223753537
6004,3.6558254042960074
6005,3.5644709541743373
6006,4.162827070854653
6007,4.37279316675698
6008,4.616422491610544
6009,4.8310835764986235
6010,4.701078030468225
6011,4.589328928058359
6012,4.608633715734199
6013,4.6612781721704675
6014,4.687479615847627
6015,4.657945110484801
6016,4.664832878220598
6017,4.8868662251960675
6018,5.308065176367639
6019,5.495447280308596
6020,5.601192210842859
6021,5.611563818064362
6022,5.572414083344017
6023,5.08598833831192
6024,4.5163452808579025
6025,4.336479419747849
6026,4.174570135532339
6027,3.97159351626792
6028,3.8152863226166325
6029,3.74409688993138
6030,4.3680533459043795
6031,4.756697384931862
6032,5.036322397003972
6033,5.262847630059943
6034,5.16024890141528
6035,5.047695067750332
6036,5.092239920601245
6037,5.121301108691507
6038,5.111620501901439
6039,5.057278507680187
6040,5.0300032299959705
6041,4.993302389265074
6042,5.344073858904505
6043,5.485386975411301
6044,5.551532356094365
6045,5.537913055644038
6046,5.55765789515436
6047,5.07034632114823
6048,4.47940617518913
6049,4.290949814760834
6050,4.134812619147006
6051,3.9429330616960963
6052,3.7913721929472355
6053,3.727701861706149
6054,4.352835116577482
6055,4.73603380619725
6056,5.015400211314839
6057,5.2352186426378005
6058,5.126997914260933
6059,5.010940238996891
6060,5.015563471186573
6061,5.061177468920564
6062,5.072164828246182
6063,5.008143970381272
6064,4.975202719674054
6065,4.931596452344738
6066,5.243511671200325
6067,5.387667758221874
6068,5.457007589446444
6069,5.421453527026865
6070,5.423888275406083
6071,4.914569183513904
6072,4.287679351684142
6073,4.061270456933697
6074,3.859497906817773
6075,3.6643994830516435
6076,3.4770902264450525
6077,3.3605357737641803
6078,3.9294685764887913
6079,4.155521612575514
6080,4.421409947433929
6081,4.652753068764721
6082,4.501250505795739
6083,4.352008085136448
6084,4.356056954609954
6085,4.410830130071613
6086,4.4267345932222835
6087,4.419276443182835
6088,4.405792428863646
6089,4.604150568134749
6090,5.024141506365572
6091,5.22331031514754
6092,5.329634049960014
6093,5.3756622005938555
6094,5.314453286849898
6095,4.803975672890931
6096,4.244237150875365
6097,4.0461789055057675
6098,3.8606839753894877
6099,3.6886603128489424
6100,3.530319083225221
6101,3.4176649158415824
6102,3.9914853543262323
6103,4.172435106160877
6104,4.444250096129473
6105,4.702668091565757
6106,4.556284049174391
6107,4.405799669892609
6108,4.421621339107445
6109,4.482053213916462
6110,4.504662127101635
6111,4.46512128522793
6112,4.444313993285299
6113,4.652724293468366
6114,5.068402821350805
6115,5.264540632945156
6116,5.3696900096135955
6117,5.389951803530632
6118,5.354914201908983
6119,4.860440267224961
6120,4.265246649131903
6121,4.070987165217013
6122,3.904946564897587
6123,3.7207523670642475
6124,3.5790524599846485
6125,3.499012059083914
6126,4.058872408971707
6127,4.243069629664045
6128,4.5185837852405415
6129,4.759025313437823
6130,4.56781843591564
6131,4.456109517825872
6132,4.524268900811768
6133,4.573891607123915
6134,4.607581839621479
6135,4.59165344905417
6136,4.5849737728229165
6137,4.7882555235567095
6138,5.18610185707368
6139,5.400749184923422
6140,5.534288272771674
6141,5.570351980315964
6142,5.526761729170674
6143,5.031594940704487
6144,4.447735545941633
6145,4.253433147526116
6146,4.084501391166342
6147,3.916682833218543
6148,3.7708661942542294
6149,3.7107680518661006
6150,4.29613865405112
6151,4.493734144352328
6152,4.752664623516083
6153,4.987363441488535
6154,4.867815409571405
6155,4.740786599561331
6156,4.742748162429889
6157,4.7714254124355255
6158,4.759562341374081
6159,4.701802825741703
6160,4.665782781006176
6161,4.839971613205652
6162,5.205787580456629
6163,5.37031449234139
6164,5.436324439410497
6165,5.429212122750189
6166,5.34478896276102
6167,4.80557627566831
6168,4.202071231486785
6169,3.9902660495282904
6170,3.803122350018266
6171,3.609517978960564
6172,3.4357159156495567
6173,3.3314942607604965
6174,3.908750158610665
6175,4.109874776647007
6176,4.36419466389788
6177,4.595495858412348
6178,4.4624439622164935
6179,4.3272604200648574
6180,4.335779071923511
6181,4.367868012789948
6182,4.3618270850775565
6183,4.3181187788075395
6184,4.284545489925139
6185,4.478114279909379
6186,4.881635028449688
6187,5.072094038749904
6188,5.184963281235453
6189,5.2166115122417684
6190,5.147338911230147
6191,4.636993577840388
6192,4.101663746805771
6193,3.9132671989769374
6194,3.7440496346673444
6195,3.5706667498043796
6196,3.4115441129975244
6197,3.3068958312427252
6198,3.8822039514885986
6199,4.268874790623201
6200,4.575316487819261
6201,4.815066062841234
6202,4.689178952131423
6203,4.554917469150087
6204,4.576310016062854
6205,4.609614592380623
6206,4.61392584298159
6207,4.582684421630507
6208,4.558851449773226
6209,4.537664488581883
6210,4.908589807780651
6211,5.082443512019737
6212,5.168455550216847
6213,5.168910338938582
6214,5.172198824133584
6215,4.684477195611615
6216,4.124633638525694
6217,3.9339032294239864
6218,3.7697512633898382
6219,3.5937430077036026
6220,3.457112308634852
6221,3.382976439532955
6222,3.962197064376362
6223,4.365898821001115
6224,4.6804397638881845
6225,4.909374240932852
6226,4.799431864484723
6227,4.685154473040985
6228,4.70484842044553
6229,4.755630326339334
6230,4.769728335059687
6231,4.722353378846233
6232,4.690405698928563
6233,4.647874632962717
6234,4.989149666022102
6235,5.154459560692206
6236,5.226349762517738
6237,5.203381574852899
6238,5.226564757054888
6239,4.730413128651016
6240,4.1209946900084
6241,3.9294368891375804
6242,3.760191200924442
6243,3.5938165951964605
6244,3.4314937419776994
6245,3.3290175723119813
6246,3.9417581017891843
6247,4.21043600819877
6248,4.518191123110036
6249,4.77509916439015
6250,4.669164879829661
6251,4.5952851350949135
6252,4.661167304238009
6253,4.713041962662773
6254,4.7067750914069535
6255,4.631065714612783
6256,4.548497358587611
6257,4.699773186537746
6258,5.077197156255442
6259,5.284494172083171
6260,5.399602965767576
6261,5.4377225596615935
6262,5.383798953492823
6263,4.880799527661048
6264,4.297602577882176
6265,4.108416216485474
6266,3.9390174473121964
6267,3.7787589273458453
6268,3.6289090421305574
6269,3.5315803404988215
6270,4.126123925725361
6271,4.409862016786676
6272,4.729188218963335
6273,4.977638577150529
6274,4.864288447392772
6275,4.7708091854063595
6276,4.802680669074146
6277,4.854629522826127
6278,4.8470648094064925
6279,4.752682184177879
6280,4.637854064392582
6281,4.755235994177181
6282,5.128924841256686
6283,5.30993837459702
6284,5.40062241442977
6285,5.417773034067891
6286,5.348079307163033
6287,4.825701065566759
6288,4.249945754709558
6289,4.03203106508483
6290,3.8305202998255377
6291,3.634849472222036
6292,3.4755432582610792
6293,3.3908590345531757
6294,3.994161967188486
6295,4.242620858943849
6296,4.529807448859353
6297,4.782560460635922
6298,4.658307460839384
6299,4.564899641055609
6300,4.614913476622423
6301,4.654714970760975
6302,4.634168462097209
6303,4.561264883279618
6304,4.475310916139705
6305,4.6244093862417905
6306,5.034314873956367
6307,5.219903337912151
6308,5.3198481137624185
6309,5.3511280221560655
6310,5.283458134325425
6311,4.770471128982242
6312,4.192874134789608
6313,3.9885543464226587
6314,3.8106344107133534
6315,3.6367289552047537
6316,3.4845887414159953
6317,3.38632212246488
6318,3.979119900107087
6319,4.2190168632720475
6320,4.5490378883695755
6321,4.835697313130916
6322,4.725367014948322
6323,4.641264616772604
6324,4.711783976975131
6325,4.7479296027307605
6326,4.734272683267128
6327,4.677367291112832
6328,4.59704876183081
6329,4.756607787675014
6330,5.1668433446268605
6331,5.359793181196025
6332,5.467066239890293
6333,5.505141660071717
6334,5.437424884923973
6335,4.911215552434339
6336,4.323834686947709
6337,4.136660456016558
6338,3.970292332942039
6339,3.7855013984597226
6340,3.636490215326799
6341,3.554129168960137
6342,4.157070523896807
6343,4.422312247383524
6344,4.747094343099889
6345,5.027080999495743
6346,4.903662639269659
6347,4.814645821418331
6348,4.880998810231427
6349,4.943353232743811
6350,4.945108179529024
6351,4.884357684384388
6352,4.80444675373283
6353,4.955916506434633
6354,5.355496174657572
6355,5.545277237061172
6356,5.649462457107511
6357,5.65755892287815
6358,5.599684917445285
6359,5.0872253178106135
6360,4.517655444152111
6361,4.305789048035764
6362,4.124111943234865
6363,3.9375876534243512
6364,3.7624439834305194
6365,3.6591356246880635
6366,4.251630702541918
6367,4.681122243748619
6368,5.0178332782152655
6369,5.266544299205856
6370,5.150196824645373
6371,5.060539389883315
6372,5.098001550221866
6373,5.1346842458158735
6374,5.115192797369874
6375,5.028692666466023
6376,4.9152788048404945
6377,4.801890296572664
6378,5.133028591248882
6379,5.282270229994046
6380,5.341140636404353
6381,5.325215746716607
6382,5.332071849962712
6383,4.815358110482382
6384,4.215009633887472
6385,4.032021593047098
6386,3.8734895807514054
6387,3.6869479889768226
6388,3.5289590299778313
6389,3.4430439809762103
6390,4.0558564283136835
6391,4.49273809991114
6392,4.847154763810615
6393,5.110768004778817
6394,5.017565215117542
6395,4.943219550940892
6396,4.97497286726856
6397,5.019382648178788
6398,5.014970556302304
6399,4.921164312032417
6400,4.831819300691807
6401,4.751393346625345
6402,5.087699555633266
6403,5.238095767020719
6404,5.317161273077004
6405,5.302703002240691
6406,5.304136593617019
6407,4.8004582581419655
6408,4.188273140001059
6409,4.000612483192444
6410,3.8300693691860492
6411,3.6390495113753056
6412,3.4807476339909575
6413,3.3923380098982965
6414,3.9996441025804437
6415,4.29083927354392
6416,4.6171346774479
6417,4.8756489746275475
6418,4.7683938731584075
6419,4.691830449250329
6420,4.727085173150857
6421,4.765324156498692
6422,4.753559373710636
6423,4.658883721102399
6424,4.559186469448141
6425,4.687134995556736
6426,5.052130928469023
6427,5.228601756396588
6428,5.326242355825674
6429,5.320032224896656
6430,5.257681139149564
6431,4.759072263377423
6432,4.17565610344763
6433,3.9834967503342815
6434,3.815665343185084
6435,3.6379797642976195
6436,3.47369542206816
6437,3.3853804953370816
6438,4.017211139094803
6439,4.295872621867758
6440,4.608819843919627
6441,4.883999579573575
6442,4.786954229499382
6443,4.705784199698205
6444,4.761360603220103
6445,4.820207876704538
6446,4.809255586450876
6447,4.721279065891252
6448,4.614584604828121
6449,4.7489248376431865
6450,5.135703021634306
6451,5.31685099329584
6452,5.416413611256559
6453,5.442920525680666
6454,5.395659916202232
6455,4.892309145198604
6456,4.306589377803996
6457,4.107811515661086
6458,3.934270050050494
6459,3.7484447083100862
6460,3.5642942143396734
6461,3.4603609150893413
6462,4.05437323873222
6463,4.321510798198312
6464,4.638065841382068
6465,4.899791305062798
6466,4.777651622325486
6467,4.683941720724167
6468,4.722641816331956
6469,4.764869475414388
6470,4.7565646446127685
6471,4.6635563362974475
6472,4.55875025150159
6473,4.698375380459937
6474,5.095231431458546
6475,5.2586766551701105
6476,5.332308761809949
6477,5.337237629198161
6478,5.272910041078886
6479,4.754409666012231
6480,4.166090180023551
6481,3.9696132521401992
6482,3.8008613076483364
6483,3.6175395438762004
6484,3.458350800114026
6485,3.361529684120429
6486,3.9296123557605096
6487,4.134914962614211
6488,4.473344209985665
6489,4.781173383748999
6490,4.660559121896039
6491,4.567478113200769
6492,4.62244896084235
6493,4.654068525154801
6494,4.634394112704147
6495,4.5660701657547795
6496,4.487570536470806
6497,4.6339460932868235
6498,5.036444399210483
6499,5.223286586111166
6500,5.32084157219882
6501,5.34221386818813
6502,5.284513807825754
6503,4.768026661770022
6504,4.183526686145888
6505,3.9839960232753837
6506,3.8105644952302633
6507,3.620269139659509
6508,3.4604276446233175
6509,3.3740727777057176
6510,3.9648371545260175
6511,4.211053219932242
6512,4.5219695515418215
6513,4.790466260209226
6514,4.682041464494795
6515,4.602250628806111
6516,4.6459464655934
6517,4.688996846489601
6518,4.679381272543977
6519,4.611685058458405
6520,4.505407656896916
6521,4.62202435311761
6522,5.011816661194301
6523,5.197563756543547
6524,5.287469326869093
6525,5.3014755175531105
6526,5.230564763998748
6527,4.716407896673564
6528,4.163194965670666
6529,3.9614666983515114
6530,3.786957258052352
6531,3.6104902595002275
6532,3.453750389899924
6533,3.3571804704507464
6534,3.959501266812065
6535,4.398749623401668
6536,4.740654256707239
6537,5.014375403902464
6538,4.903133966812032
6539,4.813211342262284
6540,4.880586527542914
6541,4.942257414367443
6542,4.929670140215737
6543,4.8306622348463755
6544,4.732138033638903
6545,4.659938205364215
6546,5.0236805286588275
6547,5.174716595980574
6548,5.255920982099247
6549,5.280622695058382
6550,5.2970149922867575
6551,4.793066742890133
6552,4.225863811806628
6553,4.021101274226037
6554,3.8398689748234087
6555,3.6695413512642094
6556,3.5110008318610366
6557,3.4255709689613867
6558,4.0419729739917445
6559,4.461726861860076
6560,4.802714310837896
6561,5.096736600073433
6562,5.035041451910577
6563,4.909225863546032
6564,4.957631781493522
6565,5.029407771139907
6566,5.013626889925238
6567,4.931745146662707
6568,4.854934317756442
6569,4.78883869965003
6570,5.161396641756048
6571,5.29986615840515
6572,5.363472065312814
6573,5.380794954488019
6574,5.3918910622603935
6575,4.891454186827013
6576,4.310101806123432
6577,4.1130678547686195
6578,3.9295308809621528
6579,3.7470313969107067
6580,3.59851349704594
6581,3.521754092332733
6582,4.128939307609186
6583,4.380586304790329
6584,4.68505743242954
6585,4.955683805704314
6586,4.843342102838187
6587,4.744042512958581
6588,4.791725846827015
6589,4.828298900917037
6590,4.789343541679324
6591,4.681292749759779
6592,4.57121125962377
6593,4.695464388576794
6594,5.089410302569817
6595,5.257195716945873
6596,5.341251030025307
6597,5.358650577755101
6598,5.301874333135048
6599,4.802144667137549
6600,4.2334620547918576
6601,4.036152892024327
6602,3.8721864818158553
6603,3.718872267686269
6604,3.5761524473799127
6605,3.5028317598976786
6606,4.133014148241275
6607,4.407795995737705
6608,4.730547019420857
6609,5.00369089690317
6610,4.895415138150952
6611,4.809921021490439
6612,4.865535849025274
6613,4.884129395671743
6614,4.842377147478102
6615,4.742622906317557
6616,4.634537877884182
6617,4.752706509570388
6618,5.13985348216685
6619,5.293177140624614
6620,5.36925660895276
6621,5.383354412691367
6622,5.312649094256622
6623,4.798803147890826
6624,4.216688159255287
6625,4.0266236383265905
6626,3.867013884718655
6627,3.693598711219974
6628,3.5410906737740953
6629,3.463595028424803
6630,4.088324804466232
6631,4.356469781427513
6632,4.669623139104025
6633,4.940994691529264
6634,4.829549698949025
6635,4.748517785032106
6636,4.79279449413464
6637,4.80314662043873
6638,4.746966320619641
6639,4.628157626530786
6640,4.502116875567192
6641,4.599108674562086
6642,4.976037816531211
6643,5.113415149292606
6644,5.171549118945121
6645,5.179536158812338
6646,5.118448956977621
6647,4.613148900517525
6648,4.02668435673046
6649,3.8319650650731036
6650,3.6727225433471715
6651,3.5080343307425776
6652,3.373462481897329
6653,3.3074437233115606
6654,3.9205579198424094
6655,4.191396696105213
6656,4.517473199820565
6657,4.796448482147858
6658,4.6816452407954445
6659,4.5847610122444085
6660,4.619490820840682
6661,4.626153559683087
6662,4.574585222567318
6663,4.450717249230128
6664,4.302610792815182
6665,4.395768569354078
6666,4.761921377822136
6667,4.894441176218038
6668,4.94179615713454
6669,4.936894807256304
6670,4.844731538047581
6671,4.315811882315514
6672,3.7435901949205515
6673,3.5507387065321727
6674,3.3797052379857275
6675,3.2078727476817144
6676,3.062783241772912
6677,2.987521137630378
6678,3.5995950655302367
6679,3.8751679925257285
6680,4.192709716369983
6681,4.474540438933371
6682,4.367998249839876
6683,4.277230692362423
6684,4.324451479505066
6685,4.346376785096038
6686,4.31618560532267
6687,4.22507844743521
6688,4.102063291517464
6689,4.21894837625611
6690,4.6051533409586805
6691,4.742703667948919
6692,4.802062090847945
6693,4.810263747596269
6694,4.7223154460744015
6695,4.195665006674242
6696,3.6535246990383445
6697,3.4555510501607944
6698,3.2744719640848015
6699,3.096702620051068
6700,2.932624093696035
6701,2.836424144835379
6702,3.4505841718435617
6703,3.887265039496937
6704,4.216570977371377
6705,4.466544261618424
6706,4.343424142448033
6707,4.263696064674258
6708,4.318769911090589
6709,4.344551779135048
6710,4.321057071768726
6711,4.243708790110744
6712,4.144010212922574
6713,4.067030300807568
6714,4.4278497647743
6715,4.561578960555777
6716,4.63010959253593
6717,4.642844170106563
6718,4.643887605291006
6719,4.140055279486074
6720,3.58251933787998
6721,3.3812312333219112
6722,3.200940234925061
6723,3.0379501904686568
6724,2.8831223090307447
6725,2.7809134843381904
6726,3.4388730815503
6727,3.915040023068352
6728,4.279215049450184
6729,4.562616203399305
6730,4.464441906920158
6731,4.405251515316683
6732,4.471877141089693
6733,4.499934766121892
6734,4.45877900565625
6735,4.347826964355433
6736,4.184812308731494
6737,4.030661482354663
6738,4.377378639017633
6739,4.503972332554472
6740,4.558386021367386
6741,4.565891127499392
6742,4.566329584230622
6743,4.053537470712158
6744,3.457940436127388
6745,3.2528210401679862
6746,3.075262284370854
6747,2.906339317619613
6748,2.7538661754699927
6749,2.654364650113267
6750,3.2861400373558136
6751,3.5908349635212637
6752,3.9449707316179343
6753,4.247341665537985
6754,4.149612171990554
6755,4.089506409770649
6756,4.156262874459871
6757,4.204687125907311
6758,4.164609091966832
6759,4.05253719204274
6760,3.900574562203659
6761,3.973248148638356
6762,4.3643803233245775
6763,4.528377022860713
6764,4.603408142333275
6765,4.6285836519247034
6766,4.56318561230809
6767,4.058306944594587
6768,3.5042933840740966
6769,3.316504737036697
6770,3.1373872548670914
6771,2.9599577086922895
6772,2.803050365705519
6773,2.7133250783677982
6774,3.3558591109956937
6775,3.6703664748617033
6776,4.024394280431857
6777,4.3159614288825905
6778,4.226268216099973
6779,4.175559247085258
6780,4.243192279310456
6781,4.265544013646612
6782,4.225563010551242
6783,4.132411332838207
6784,3.9873956226139198
6785,4.075692030189983
6786,4.4740847621599364
6787,4.638338554988809
6788,4.726612147594226
6789,4.752978699727953
6790,4.667331652632995
6791,4.146103876905697
6792,3.5877665264170613
6793,3.3859916774346996
6794,3.21621529924184
6795,3.055787066365326
6796,2.908363118651563
6797,2.8155566292237113
6798,3.462940898446634
6799,3.7715885745619366
6800,4.11689357890942
6801,4.428416303359459
6802,4.342236378944508
6803,4.2846332217757315
6804,4.332709584519039
6805,4.353048983852145
6806,4.321831626026696
6807,4.21892821147829
6808,4.065246916957402
6809,4.147802902127781
6810,4.539290501115348
6811,4.700637837063555
6812,4.781541204280454
6813,4.800790247250313
6814,4.732548961300517
6815,4.217907906008132
6816,3.6468540081779026
6817,3.433682903583931
6818,3.2518101141788125
6819,3.0935024566874727
6820,2.943574274617839
6821,2.8443892815184224
6822,3.479555471168583
6823,3.7782204980500786
6824,4.1374338397977155
6825,4.448782698471099
6826,4.340499858670761
6827,4.284221760713044
6828,4.349548593315591
6829,4.384238807297207
6830,4.363124521282088
6831,4.273492581660078
6832,4.141723693084092
6833,4.238011339204858
6834,4.634912073687137
6835,4.803125018936396
6836,4.893520375777346
6837,4.928033075719117
6838,4.873488525423068
6839,4.368064823673806
6840,3.8119184081809547
6841,3.6323705231610233
6842,3.475719612313727
6843,3.3246133799464066
6844,3.1904237931576374
6845,3.1063831772348216
6846,3.728096227538852
6847,4.032334324727557
6848,4.351934855785897
6849,4.642694456000701
6850,4.58014566069412
6851,4.543692998582877
6852,4.597177480041294
6853,4.612526142975142
6854,4.571227509785453
6855,4.464288424289226
6856,4.33189585646172
6857,4.411892634903778
6858,4.798911629645085
6859,4.946178356009725
6860,5.020733235939044
6861,5.042541114355169
6862,4.971431707485159
6863,4.463058106563099
6864,3.9233543486882785
6865,3.7276061280464314
6866,3.565581123522599
6867,3.4093102991972977
6868,3.2549975212003504
6869,3.1568854541397395
6870,3.813332594600936
6871,4.305860517045768
6872,4.693343005414872
6873,5.004229205557447
6874,4.922839621213331
6875,4.871522448283598
6876,4.942841759540492
6877,4.976644193102375
6878,4.9362902343032005
6879,4.8300042114084905
6880,4.668592507307159
6881,4.50557609130329
6882,4.857121898385436
6883,4.977109658327557
6884,5.023750291781186
6885,5.02054401013117
6886,5.002386791321018
6887,4.4802640962915765
6888,3.9080953826794427
6889,3.693638146899011
6890,3.5064880546810837
6891,3.3349785299278367
6892,3.165857164037365
6893,3.0494310188586935
6894,3.681656429856413
6895,4.160053637463409
6896,4.534963765333172
6897,4.819705552004756
6898,4.725066752281167
6899,4.65334771149569
6900,4.705520131318466
6901,4.736972543037485
6902,4.70554581962992
6903,4.582359304538203
6904,4.40576322466806
6905,4.248915788761388
6906,4.592836352450919
6907,4.7200811695384495
6908,4.770580565096635
6909,4.772013937073465
6910,4.772349151487156
6911,4.268182557126517
6912,3.6843933802565174
6913,3.485226747363798
6914,3.3027222917896784
6915,3.1289915181701358
6916,2.9755744916325133
6917,2.876935612476731
6918,3.5387368021210426
6919,3.8624864148639775
6920,4.2144886263668875
6921,4.503611645836308
6922,4.390345397700089
6923,4.3342988673104985
6924,4.405924705493079
6925,4.432857493273025
6926,4.399673642396586
6927,4.282539495229113
6928,4.1095830618351075
6929,4.17184448204919
6930,4.551702638544462
6931,4.701301132731679
6932,4.769193947314049
6933,4.782990570847532
6934,4.71244134413307
6935,4.201718388819808
6936,3.6257361264203434
6937,3.4324151653033472
6938,3.255327734480672
6939,3.06554245869393
6940,2.9062145975785967
6941,2.816337307716989
6942,3.4766218899890524
6943,3.7955028798431134
6944,4.1520734336543095
6945,4.450635054543847
6946,4.34604763631747
6947,4.29376756143648
6948,4.356111215457503
6949,4.38719514969291
6950,4.36569141749382
6951,4.251785841570415
6952,4.079751871178358
6953,4.14258565875015
6954,4.524063073119065
6955,4.666060302175921
6956,4.726005881798099
6957,4.7518651980078115
6958,4.6818406982928
6959,4.161045748471681
6960,3.6081089798580797
6961,3.42093960967021
6962,3.251491921241986
6963,3.0786382235191043
6964,2.922131440646521
6965,2.8246362146104818
6966,3.495399738646858
6967,3.83170523467625
6968,4.190914069792363
6969,4.508065041699171
6970,4.426060352365264
6971,4.3744628767552385
6972,4.435226320018625
6973,4.456930461994902
6974,4.403872331246696
6975,4.282910735910419
6976,4.115400649240164
6977,4.178741147525555
6978,4.560371538172262
6979,4.6966376165886485
6980,4.765778715248267
6981,4.792092630316723
6982,4.706706740432078
6983,4.181787243151922
6984,3.609840120718213
6985,3.3963590297029738
6986,3.2213417258010413
6987,3.0534151525887068
6988,2.889456176233561
6989,2.7764351912420655
6990,3.438513472705014
6991,3.765787551156456
6992,4.12981693261469
6993,4.435410232595523
6994,4.331212368158773
6995,4.277722182236429
6996,4.343128383758172
6997,4.379143360352259
6998,4.362479842326535
6999,4.251263841092233
7000,4.075085218723132
7001,4.131510050935513
7002,4.510447431908317
7003,4.663997036413172
7004,4.732935641380027
7005,4.740869967419006
7006,4.672273867849081
7007,4.16694497258658
7008,3.596767418769629
7009,3.3913119106778074
7010,3.2169860005609068
7011,3.055423774475076
7012,2.891718219241897
7013,2.7874686605659766
7014,3.4660618772180873
7015,3.7822575938800114
7016,4.140971274678231
7017,4.447384206541491
7018,4.339010887502621
7019,4.284921669602165
7020,4.359034766383216
7021,4.377338589836396
7022,4.31574906987644
7023,4.1842858577462545
7024,4.016678346049341
7025,4.082308620415558
7026,4.464433746725242
7027,4.602303445784792
7028,4.663381015356527
7029,4.680401953224692
7030,4.617947031838144
7031,4.118239261115765
7032,3.5917071613624176
7033,3.401014270727212
7034,3.2387204866850277
7035,3.0920696499539386
7036,2.9643225386253995
7037,2.8740326976861925
7038,3.5351737315879768
7039,4.0057361044485384
7040,4.3878236721304935
7041,4.686831775190583
7042,4.5846798364819685
7043,4.529927148915264
7044,4.572599577566006
7045,4.564434048647613
7046,4.492593298649669
7047,4.341322347194301
7048,4.131900685171222
7049,3.938744999816686
7050,4.240115248519518
7051,4.324411278160292
7052,4.342226084105465
7053,4.310042233210418
7054,4.276758245164851
7055,3.752063756173875
7056,3.1823131494390084
7057,2.9821093852392244
7058,2.797325874594301
7059,2.624421521879592
7060,2.475639539272858
7061,2.3658512847105424
7062,3.002867270926524
7063,3.4703938630564286
7064,3.833525751866395
7065,4.113216387372035
7066,4.003828149596291
7067,3.939408594823706
7068,3.993244915740875
7069,3.9935842901470564
7070,3.9064012771844556
7071,3.7504796189790452
7072,3.549235503949401
7073,3.3667892324615147
7074,3.6608531093837207
7075,3.7383421343346255
7076,3.757916619019343
7077,3.7450268091338783
7078,3.7385082015528956
7079,3.228433252907711
7080,2.645511328802064
7081,2.4591927324445813
7082,2.2989182654255513
7083,2.1502200792406705
7084,2.0193599943608125
7085,1.9349064639585292
7086,2.5935365513438766
7087,2.896391102295733
7088,3.2555396767011535
7089,3.575832053984608
7090,3.4775244008220474
7091,3.4281805962003933
7092,3.4952640145470917
7093,3.5288416859788416
7094,3.500212676761237
7095,3.368864775174479
7096,3.155038267300473
7097,3.299016133473234
7098,3.6669715492159654
7099,3.8077601809852135
7100,3.881024035031624
7101,3.915765950280693
7102,3.8461465319219714
7103,3.3484250950958416
7104,2.810517741641621
7105,2.6292330963523787
7106,2.4826039113196203
7107,2.3445959935179834
7108,2.2069851479301845
7109,2.1179582938528765
7110,2.773917735303041
7111,3.0832922698085925
7112,3.4423011896747235
7113,3.7525931871213265
7114,3.65031095615372
7115,3.58952915182966
7116,3.646690118148086
7117,3.665829305477626
7118,3.63312692664854
7119,3.5117475455477227
7120,3.280510872096324
7121,3.4171700986607343
7122,3.794411772844811
7123,3.9377405621357005
7124,3.9999522180269635
7125,4.0211697722234385
7126,3.948731474109096
7127,3.4386900775539204
7128,2.8873281135707893
7129,2.6968877134693043
7130,2.527339426137361
7131,2.3732516410704716
7132,2.2239175765209116
7133,2.114658859968513
7134,2.7478774102890076
7135,3.0328790362741405
7136,3.3977814641130153
7137,3.723427766010502
7138,3.6048375981027725
7139,3.5489594543586778
7140,3.618285407537596
7141,3.639264075565684
7142,3.612113156417786
7143,3.4876876402220653
7144,3.2707065770741597
7145,3.4195017202052536
7146,3.804086471169956
7147,3.958275849109887
7148,4.034318991908336
7149,4.0592457323832205
7150,4.007502848201225
7151,3.518557354963362
7152,2.9658808157545047
7153,2.7817450487028603
7154,2.632629370767664
7155,2.5108342365889733
7156,2.364891492673785
7157,2.255347124448817
7158,2.9253405263542116
7159,3.2428743434664344
7160,3.610863799816547
7161,3.9292626725022735
7162,3.8396301675750824
7163,3.7959910075471495
7164,3.8787292781992386
7165,3.917885899329916
7166,3.892824876058368
7167,3.7735460964323173
7168,3.5517179466337
7169,3.7069982231475915
7170,4.108027433699444
7171,4.265223995199878
7172,4.346761019861259
7173,4.371894028055565
7174,4.309969708064941
7175,3.803537482811456
7176,3.2436449925686026
7177,3.054357836735986
7178,2.888444452653786
7179,2.7366056296589463
7180,2.5942897574083212
7181,2.4898332040162416
7182,3.147872780603999
7183,3.4544774591967675
7184,3.8124905924759562
7185,4.130504996446381
7186,4.0393060517498105
7187,3.9788054859149926
7188,4.046207768642822
7189,4.087892443397306
7190,4.061247221182586
7191,3.9236254910755743
7192,3.691923707208973
7193,3.8401337917582055
7194,4.237821277883923
7195,4.397059794953861
7196,4.478670603273052
7197,4.49837811363555
7198,4.43592132775122
7199,3.9356369813483427
7200,3.407491945435144
7201,3.226840049082884
7202,3.059835252236167
7203,2.91233257543808
7204,2.779699950504683
7205,2.6711813346912825
7206,3.3548497529834056
7207,3.89189246057871
7208,4.30884119514674
7209,4.643797621211877
7210,4.592900983088522
7211,4.582495593496346
7212,4.680229841628981
7213,4.720657828549704
7214,4.693999941976666
7215,4.522481224885431
7216,4.192578194355472
7217,4.078355593130099
7218,4.418971278331886
7219,4.521821821181339
7220,4.5568977393557075
7221,4.554061338774659
7222,4.5447335260022985
7223,4.029660473361137
7224,3.4626248855469814
7225,3.2594182321796477
7226,3.0815019004654984
7227,2.910937912875635
7228,2.7543726810448392
7229,2.631205647504372
7230,3.3290778380440984
7231,3.875591498725096
7232,4.298514576169276
7233,4.608414144586065
7234,4.534577905917298
7235,4.503343284779671
7236,4.567676530884351
7237,4.596505667038412
7238,4.561756561129329
7239,4.387600141765031
7240,4.069909934487929
7241,3.95760065132487
7242,4.274490274918387
7243,4.372349995844018
7244,4.4260142120187185
7245,4.417965153558475
7246,4.409839029323653
7247,3.907174938572416
7248,3.320996254519962
7249,3.1132426629315226
7250,2.937303989877762
7251,2.7709424324000906
7252,2.627102293766808
7253,2.5167522694136593
7254,3.19107537501743
7255,3.5467282206303077
7256,3.9330175102217715
7257,4.261825938782917
7258,4.172430276759029
7259,4.134076769832543
7260,4.199119402507186
7261,4.214734730458949
7262,4.162311004212464
7263,3.9785022053959223
7264,3.659103652775428
7265,3.7780839037808516
7266,4.1558984229206715
7267,4.281838769181379
7268,4.331083154970261
7269,4.330369243683271
7270,4.252598728635453
7271,3.7440093538525545
7272,3.181438399978127
7273,2.9922267177983644
7274,2.8219558697099707
7275,2.661631878092179
7276,2.524645124991563
7277,2.417906895593381
7278,3.0632506159408854
7279,3.3841770029493103
7280,3.7721602620665204
7281,4.105655522899605
7282,4.041037193074505
7283,4.010689041643746
7284,4.064941376650859
7285,4.073114625288818
7286,4.023311503647319
7287,3.8480710192406913
7288,3.54515269369657
7289,3.653316536350006
7290,4.005357101988811
7291,4.125296457637196
7292,4.180047307489563
7293,4.185558682482328
7294,4.096575888174529
7295,3.578750089457498
7296,3.014856606446274
7297,2.8234411198592384
7298,2.6567607985194166
7299,2.501009344046451
7300,2.3573214030504155
7301,2.2381287051317007
7302,2.775427127501283
7303,2.9161135580610056
7304,3.2368281399187806
7305,3.697134329219725
7306,3.7119506609234927
7307,3.6942262839851154
7308,3.7526413186956
7309,3.770996438287059
7310,3.7174532708486208
7311,3.552340762150139
7312,3.250584993340592
7313,3.365001782159769
7314,3.7254152161231526
7315,3.85074980921996
7316,3.9032002459736903
7317,3.9119636630086747
7318,3.833844314550058
7319,3.333105595185639
7320,2.788493109940335
7321,2.6113608751602384
7322,2.4605781230994204
7323,2.322262606145076
7324,2.1907082711453
7325,2.06621439902093
7326,2.380999353907858
7327,2.604429165731436
7328,3.061143971925345
7329,3.5482566666150737
7330,3.554762544058212
7331,3.5241719281968615
7332,3.5815541234905757
7333,3.590107439798854
7334,3.5233069211454073
7335,3.349785322258804
7336,3.1196361100911885
7337,3.2254131873881957
7338,3.58317690862924
7339,3.7096243194027334
7340,3.766406267623344
7341,3.7770419207264982
7342,3.6954222682524676
7343,3.191334512941177
7344,2.6404703039435775
7345,2.454693636825672
7346,2.2940215658548304
7347,2.1462073610255534
7348,2.007983720663215
7349,1.8947863412424595
7350,2.5495865088642207
7351,2.896047884693064
7352,3.295563239415376
7353,3.6462862823209883
7354,3.5693467974862165
7355,3.5347591011592847
7356,3.6122715174203246
7357,3.649881565848707
7358,3.610508867652127
7359,3.4563097625659993
7360,3.159003189964722
7361,3.281815567555364
7362,3.6536700438415775
7363,3.7944762415360325
7364,3.862316469409719
7365,3.880800733451364
7366,3.814575232574114
7367,3.324537301385719
7368,2.8127776174220314
7369,2.637837279979822
7370,2.483033712241704
7371,2.341270789727571
7372,2.2160105473921288
7373,2.103670554284174
7374,2.5003083300531497
7375,3.2142128703898525
7376,3.708058510260777
7377,4.05673225271734
7378,3.986295368909499
7379,3.9680087913064903
7380,4.0621321939808785
7381,4.098805132031547
7382,4.063706884257767
7383,3.9170100996325674
7384,3.629761555373085
7385,3.548945748614027
7386,3.90197939728907
7387,4.026925548908286
7388,4.087334713463324
7389,4.1065570688252775
7390,4.116707164148343
7391,3.6237488366762522
7392,3.0796552757953233
7393,2.903871826189557
7394,2.7532442535178627
7395,2.6130112907211047
7396,2.4811603103094764
7397,2.3567909530936766
7398,2.7465250833534323
7399,3.483428612956446
7400,3.9594360200221086
7401,4.295858800841367
7402,4.218800330330733
7403,4.201718072695138
7404,4.295113254997303
7405,4.3249808946029855
7406,4.270875912890645
7407,4.099005790576778
7408,3.7776891539480153
7409,3.676789533169517
7410,4.016160895246303
7411,4.124757271403053
7412,4.164986782530087
7413,4.161287085225537
7414,4.152701364322075
7415,3.6460459177732045
7416,3.0604290448357574
7417,2.864460651609357
7418,2.6946006534491365
7419,2.538103089840723
7420,2.3921310348152387
7421,2.254773722812486
7422,2.62700893566877
7423,3.1783933503939297
7424,3.620267489151595
7425,3.9570056563368237
7426,3.855011600744787
7427,3.718929420354072
7428,3.559070308143142
7429,3.407510398498114
7430,3.4112902042109905
7431,3.407956817415281
7432,3.191648056006071
7433,3.298314299633979
7434,3.6514613723879625
7435,3.7858614135208506
7436,3.858733786538884
7437,3.8850765460513936
7438,3.8189311932806773
7439,3.3270854715034948
7440,2.789076325225649
7441,2.615916587908187
7442,2.468058074913265
7443,2.330501432775121
7444,2.1989771008327046
7445,2.0740757529704394
7446,2.454598074528809
7447,2.9914339108324324
7448,3.461932784167579
7449,3.81705720781691
7450,3.732151808456476
7451,3.7019902365892214
7452,3.777474346330919
7453,3.810291934396273
7454,3.7747952988667457
7455,3.631796776805846
7456,3.3413868468047316
7457,3.4694383668623723
7458,3.841458549138295
7459,3.9745651119703083
7460,4.0285470310741465
7461,4.032635578049208
7462,3.9493489980679986
7463,3.4403633275593695
7464,2.881096495481202
7465,2.6912754172642295
7466,2.5289541533320925
7467,2.380446323938673
7468,2.2399806710887926
7469,2.105564775543183
7470,2.4745449914230946
7471,2.980051741142023
7472,3.4278665797743573
7473,3.8131824892650963
7474,3.749845183381786
7475,3.7180060523775778
7476,3.8008593492526885
7477,3.8378192356800227
7478,3.804727422621012
7479,3.656309649478104
7480,3.350561520136996
7481,3.471740253457039
7482,3.841033147771705
7483,3.9797784355556782
7484,4.046710705370959
7485,4.063023798897365
7486,3.9917038057381524
7487,3.4931044376798708
7488,2.9465806080431007
7489,2.758259655526926
7490,2.588636829928849
7491,2.4309227644786193
7492,2.291958847149283
7493,2.169327270130705
7494,2.558596790845211
7495,3.110400168510696
7496,3.553655674353669
7497,3.8927930513699343
7498,3.8019330400794606
7499,3.7687162002484786
7500,3.842700708692169
7501,3.870705636831872
7502,3.829318703664039
7503,3.6745896342181035
7504,3.3681379629269173
7505,3.4909692213308468
7506,3.862587013327528
7507,4.005746314386232
7508,4.079331161224778
7509,4.109124007395334
7510,4.052777838216498
7511,3.569142230023533
7512,3.0335523634583077
7513,2.8597052077832306
7514,2.704491740630416
7515,2.564207663682569
7516,2.4384020216051017
7517,2.3242536749100493
7518,2.708395165939118
7519,3.1843251143652047
7520,3.6360115507006316
7521,3.944011346637062
7522,3.7946432772531042
7523,3.7651196526396675
7524,3.8567824179354333
7525,3.845911089537751
7526,3.7411089658019323
7527,3.589796615177755
7528,3.350627974399206
7529,3.4604643845802445
7530,3.8066980778080852
7531,3.923064481724621
7532,3.9740212513455386
7533,3.982950504334213
7534,3.9062417595680077
7535,3.40504580116658
7536,2.885361923012542
7537,2.7073021187371684
7538,2.551761410949619
7539,2.408808484756264
7540,2.2810639813875
7541,2.16535026819697
7542,2.5285937244080428
7543,3.080868660026194
7544,3.4837250913043643
7545,3.670374208941215
7546,3.5737825877830094
7547,3.6541875202848475
7548,3.5914853247166962
7549,3.5599440357745347
7550,3.4820319348291293
7551,3.10462388510415
7552,2.80131165187433
7553,2.6791467147212966
7554,2.8475058398282966
7555,2.862623319295531
7556,2.8806264462903237
7557,2.7889866774690404
7558,2.766728857633321
7559,2.3031825930593834
7560,1.7262142034228243
7561,1.5720842755030306
7562,1.4684370482365838
7563,1.357088481885987
7564,1.2594252664269459
7565,1.17285494340083
7566,1.582495522726472
7567,2.250944300742211
7568,2.7171133863091663
7569,3.059652926261981
7570,3.0116148310838304
7571,3.0384402087346913
7572,3.170517436712093
7573,3.230915358266994
7574,3.202541800875122
7575,3.084197731669441
7576,2.8427626698798503
7577,2.787144895120124
7578,3.144102631025838
7579,3.278152416720919
7580,3.346424260483822
7581,3.371675773960214
7582,3.395277209646438
7583,2.930897262005292
7584,2.3896069588005084
7585,2.2354782203763115
7586,2.10433354170104
7587,1.9844577351512473
7588,1.8760773355133509
7589,1.7771025477650402
7590,2.1779310447241738
7591,2.6795715781594094
7592,3.056368246804831
7593,3.360870886065082
7594,3.312241873917504
7595,3.3186264730015553
7596,3.422876740762968
7597,3.4583880779701084
7598,3.408690028622932
7599,3.2473298994718256
7600,2.952717716916555
7601,3.065830083743777
7602,3.412909516135426
7603,3.534293008218185
7604,3.588631545934866
7605,3.599597319860823
7606,3.534623086985639
7607,3.057323261300284
7608,2.53406430527022
7609,2.367291638316814
7610,2.218711824964741
7611,2.0829996134222175
7612,1.9590916985495763
7613,1.8453079963952668
7614,2.228191660433801
7615,2.7235401269632833
7616,3.1500015017853142
7617,3.4895283323359925
7618,3.413208370899154
7619,3.3923338590147614
7620,3.473243597462426
7621,3.4929643824538616
7622,3.4345369448423115
7623,3.2690773694739947
7624,2.9725052420955347
7625,3.086376974769521
7626,3.4354187085157197
7627,3.5618081646831037
7628,3.6228463029777704
7629,3.6406635265868394
7630,3.573616306554012
7631,3.0867745626111205
7632,2.554104108889555
7633,2.383987443905089
7634,2.2371705258380428
7635,2.1034373887838487
7636,1.9809239776979337
7637,1.8680612272744994
7638,2.2537738294816005
7639,2.7558259827984144
7640,3.1936561777925725
7641,3.5503014626840486
7642,3.474476234416166
7643,3.440953422008047
7644,3.508093259015692
7645,3.532171614811456
7646,3.4873672046047965
7647,3.3372711603205665
7648,3.0485511674845145
7649,3.1671612339843773
7650,3.5221764765582515
7651,3.6448802173608317
7652,3.696410120435657
7653,3.7036010370719525
7654,3.626952549429414
7655,3.1323137271050925
7656,2.5903646474474704
7657,2.412856123552157
7658,2.259353428733245
7659,2.11890704438219
7660,1.986751733051459
7661,1.86206269297813
7662,2.2342310230326747
7663,2.7351498982582796
7664,3.1555340817563544
7665,3.479709712649565
7666,3.3837638614128323
7667,3.3482975295088178
7668,3.4089482641641897
7669,3.4192733439487832
7670,3.3522399113304613
7671,3.1787668314440416
7672,2.876935122163304
7673,2.988402345274444
7674,3.3338635593402093
7675,3.4543233858774904
7676,3.5072777416092453
7677,3.519864388249988
7678,3.4494080386391452
7679,2.9614880426186723
7680,2.4274538629718316
7681,2.258908803411087
7682,2.1148040240719794
7683,1.9835393760904978
7684,1.8632949876574987
7685,1.7522971389198472
7686,2.1310973507373596
7687,2.586186465929195
7688,2.93374316725757
7689,3.3520319313109903
7690,3.4008471493453762
7691,3.388332122226622
7692,3.463063784789772
7693,3.5070624337021905
7694,3.4680560984434137
7695,3.2978403033100077
7696,2.9671029679412695
7697,3.079894284640913
7698,3.4368470796869515
7699,3.5660814696708263
7700,3.6267133157191305
7701,3.6453527748171632
7702,3.577729003414827
7703,3.0890605970250786
7704,2.5802764715245843
7705,2.408468882149211
7706,2.258113740358211
7707,2.1200227505642535
7708,1.994963580666462
7709,1.882265191368416
7710,2.2646903587795606
7711,2.946424294182259
7712,3.4393191994362335
7713,3.813014163305828
7714,3.7677943440072443
7715,3.743375626443689
7716,3.8270565343032237
7717,3.861554591579804
7718,3.8196770528066444
7719,3.6494115143173858
7720,3.3058784779780566
7721,3.1893136650213125
7722,3.5072837751933372
7723,3.6012271620714933
7724,3.6320123559193873
7725,3.625635513186456
7726,3.6202873002706495
7727,3.1259919598304755
7728,2.584538871984809
7729,2.4083117645180647
7730,2.256457891577496
7731,2.1158253265593516
7732,1.9847242190710883
7733,1.8624403839956027
7734,2.2381734888953737
7735,2.933830454125377
7736,3.432352756604607
7737,3.806414799401544
7738,3.760483656975676
7739,3.740207059352607
7740,3.826337073678051
7741,3.8603085820896
7742,3.8167933291481346
7743,3.6459072968090913
7744,3.301578566673624
7745,3.1924118737406424
7746,3.519258376297276
7747,3.6259040483767664
7748,3.6718034762473004
7749,3.678850899976638
7750,3.682348574896763
7751,3.193899433883314
7752,2.628467497348743
7753,2.452094485445823
7754,2.30160305071452
7755,2.163851411854765
7756,2.03868339294756
7757,1.9231861245251773
7758,2.305511958568788
7759,2.8254948342493402
7760,3.2847639380683376
7761,3.638428411782624
7762,3.5764944288897054
7763,3.5476981641300576
7764,3.6117474398791733
7765,3.6224897351086525
7766,3.556249889876734
7767,3.3751294120823747
7768,3.0606469887726377
7769,3.1538476718211372
7770,3.4959764291625293
7771,3.616690488633796
7772,3.672702247740009
7773,3.687428254869726
7774,3.6134530803363103
7775,3.1163619387321417
7776,2.573553425535339
7777,2.3934964525489524
7778,2.236235652021033
7779,2.092605051340487
7780,1.9700124771636265
7781,1.8686690850097882
7782,2.2630421570515415
7783,2.762080384076679
7784,3.219945507908664
7785,3.573205636546978
7786,3.529678953122548
7787,3.5296872016945784
7788,3.615118218286849
7789,3.63487972463655
7790,3.571982859825813
7791,3.3801048702199137
7792,3.029970216385156
7793,3.1217334660271607
7794,3.4558728486386374
7795,3.5647522342376345
7796,3.6089054629507014
7797,3.6133492703064607
7798,3.532453883985789
7799,3.0337925131556847
7800,2.4910265091842994
7801,2.3113704860573656
7802,2.155708296619919
7803,2.0138912387490833
7804,1.8837517432689144
7805,1.7634285184714371
7806,2.1361414031644284
7807,2.6412789938032852
7808,3.1008860166109646
7809,3.4631481824208854
7810,3.3870840240864526
7811,3.340526355160113
7812,3.386917885746739
7813,3.3759214161708586
7814,3.285540043957908
7815,3.0667551046060684
7816,2.685169379033586
7817,2.7455425220557204
7818,3.0330385225756746
7819,3.109125284391459
7820,3.1283622618747673
7821,3.113336506787926
7822,3.017792163412385
7823,2.516863753741628
7824,1.9726340078725222
7825,1.7911748379931325
7826,1.6341665063937325
7827,1.4915164453807728
7828,1.3620769505182488
7829,1.2457810745019253
7830,1.6045569522427152
7831,2.0047916875108105
7832,2.4694188409664752
7833,2.820271601489461
7834,2.737692001375546
7835,2.7024131430270146
7836,2.77560299177534
7837,2.8024623960574933
7838,2.7486516808250694
7839,2.560937144188608
7840,2.220131348035319
7841,2.3110794220773085
7842,2.6146758511650945
7843,2.7098225795721054
7844,2.748637636622163
7845,2.7523522126917865
7846,2.6782890012614904
7847,2.2034102031278104
7848,1.6858444032930469
7849,1.5310012616081627
7850,1.4001930705360255
7851,1.2836634155181568
7852,1.176641442091237
7853,1.0791908443149003
7854,1.4591638026239733
7855,1.8909645377448148
7856,2.3187370538403025
7857,2.68893712062733
7858,2.6593987260670087
7859,2.6511213511949916
7860,2.7142392393967323
7861,2.734479268128199
7862,2.687846877465014
7863,2.509602697979574
7864,2.180417084077177
7865,2.2778864426373207
7866,2.585855743143144
7867,2.6892666671667245
7868,2.738659508775465
7869,2.7532436306123396
7870,2.6864136248647683
7871,2.2147900454076477
7872,1.7253920939602274
7873,1.5748081822120714
7874,1.4477954785181537
7875,1.3335686943509362
7876,1.2311062863140845
7877,1.1390494817435717
7878,1.5305053465635219
7879,2.1621454980128822
7880,2.643408701032844
7881,3.026791964678772
7882,2.9972023886571986
7883,2.9808782686694926
7884,3.0653547161329735
7885,3.0904629446190444
7886,3.0375939294471825
7887,2.85739545644044
7888,2.5199800240883046
7889,2.4047421358423766
7890,2.6960018795088696
7891,2.776246650597392
7892,2.8013635176943006
7893,2.7936168493070195
7894,2.7914840444660736
7895,2.3141251980829125
7896,1.7914567892582953
7897,1.6306726531084252
7898,1.492653589129187
7899,1.3679764697877432
7900,1.2529850502169293
7901,1.146737913433951
7902,1.5267637154513387
7903,2.1571545976656457
7904,2.6372601118029846
7905,3.011966582473092
7906,2.9663908269303976
7907,2.945112545628414
7908,3.0209668936625844
7909,3.0417697348221013
7910,2.9859904739315386
7911,2.8077382674094133
7912,2.4739127077828393
7913,2.3645396021925684
7914,2.6628323238430696
7915,2.7527029895216497
7916,2.7893467823767986
7917,2.793879466302918
7918,2.8017506402378984
7919,2.332047208499676
7920,1.7881024210187733
7921,1.6295893222805486
7922,1.4932312586273286
7923,1.3684955418800147
7924,1.2536541555141616
7925,1.1476941136675947
7926,1.5238798504019788
7927,1.97501582816556
7928,2.4308125571814414
7929,2.815896366884537
7930,2.7666488449984876
7931,2.744178376683028
7932,2.818622149272218
7933,2.844602789061402
7934,2.79874214533791
7935,2.629883200807172
7936,2.304396996526209
7937,2.413942938212698
7938,2.742338474883403
7939,2.8610038779513944
7940,2.917256485237754
7941,2.933173962871928
7942,2.8679548127191006
7943,2.3941448869630153
7944,1.8718491902588812
7945,1.7107088568321498
7946,1.5709012838429555
7947,1.4439886878772785
7948,1.3227286530834668
7949,1.206296577095134
7950,1.5707158492084912
7951,1.9785522712716923
7952,2.3795543470939555
7953,2.7638873518719453
7954,2.786124768679405
7955,2.7830253611445666
7956,2.8642425439743833
7957,2.8968130062259716
7958,2.848956312190754
7959,2.684913195025876
7960,2.367883101200632
7961,2.4948380615469854
7962,2.8435276877456794
7963,2.9806721673920804
7964,3.0550579638260076
7965,3.087365670900611
7966,3.0312371159481457
7967,2.5609868163713974
7968,2.0389884951496478
7969,1.875338192162388
7970,1.7328170901954645
7971,1.6015150610605575
7972,1.4812956111824358
7973,1.3715428784257622
7974,1.7453393396799128
7975,2.2168481601476886
7976,2.685236368774948
7977,3.0737293592925603
7978,3.0262326729173603
7979,3.0108027155547603
7980,3.0828863624949046
7981,3.1008950689334727
7982,3.0282793896005518
7983,2.8542192206195165
7984,2.5454570131703
7985,2.6392807501398625
7986,2.9633291297471116
7987,3.0799199411942357
7988,3.141500762621552
7989,3.161819736499782
7990,3.0934110432080146
7991,2.6080664921106402
7992,2.070853837717063
7993,1.8960168349672313
7994,1.7459268075319414
7995,1.6072922535015832
7996,1.480977048210686
7997,1.3670774089863678
7998,1.7235873809714746
7999,2.054068119944842
8000,2.471689569408274
8001,2.868836478296347
8002,2.8308293660174444
8003,2.7726854718494502
8004,2.751884491299503
8005,2.5837338718721172
8006,2.4327324224571285
8007,2.3539046564169706
8008,2.222575126881981
8009,2.3496465153412522
8010,2.67384970675913
8011,2.7917148202983295
8012,2.8566712783971147
8013,2.8869666034118424
8014,2.8326307233261927
8015,2.3711058085306664
8016,1.8580842079766617
8017,1.707737519153221
8018,1.5827818009557375
8019,1.4652623767470458
8020,1.3551014999138609
8021,1.2532933168361942
8022,1.6287750135989918
8023,2.1018590418619136
8024,2.575096440903996
8025,2.9712376601815715
8026,2.926851990678264
8027,2.9119001758222876
8028,2.994794192005911
8029,3.0242907171603814
8030,2.971003035525811
8031,2.7845182468263743
8032,2.42710216783765
8033,2.526221883715336
8034,2.8484099449462277
8035,2.9580761011644987
8036,3.0061244186390326
8037,3.013052844620908
8038,2.9303895411656287
8039,2.4343664005852395
8040,1.918230374521954
8041,1.7449310284311665
8042,1.5989998806407266
8043,1.4659253934539023
8044,1.3410942366242231
8045,1.2251365567192463
8046,1.5724769389539182
8047,2.015667520989354
8048,2.460269414577196
8049,2.963880594830489
8050,2.982528026740464
8051,2.9705881604167184
8052,3.0622199198683644
8053,3.1015676018479
8054,3.0628861567524948
8055,2.8974957903303644
8056,2.570760475785377
8057,2.4844816077854817
8058,2.8084226818901534
8059,2.9122688197228452
8060,2.9521198783642126
8061,2.9528981299316013
8062,2.9582571354777922
8063,2.483757315486623
8064,1.961616991234562
8065,1.7991704343337769
8066,1.658216036459248
8067,1.5313685188432657
8068,1.4142241736652448
8069,1.305494164631553
8070,1.6786912779783405
8071,2.265334905888818
8072,2.732000131719949
8073,3.145865496340652
8074,3.1169177176687612
8075,3.0946135850144176
8076,3.177979106068129
8077,3.211148233485339
8078,3.1655439621882704
8079,2.987671490234539
8080,2.6428365906954747
8081,2.5453110095253106
8082,2.8631825905646906
8083,2.9621184690171742
8084,2.9940986704436017
8085,2.988024825581957
8086,2.986229967084267
8087,2.5056901548633204
8088,1.9484870910257852
8089,1.7774868881236219
8090,1.628757981725495
8091,1.491220858520377
8092,1.3616540326504263
8093,1.2363142172371686
8094,1.5956376793607239
8095,1.9955692982618687
8096,2.417845704956088
8097,2.7825091163054054
8098,2.756288167246647
8099,2.729687631183786
8100,2.7439421827050845
8101,2.708837321445875
8102,2.5770323236008914
8103,2.4061064216080927
8104,2.218215948426434
8105,2.347771218873389
8106,2.675294973878165
8107,2.794612662188747
8108,2.8597608186493404
8109,2.8845446011902114
8110,2.8277038106476526
8111,2.3595372481900605
8112,1.8373660938091443
8113,1.6758282716242903
8114,1.540301537490144
8115,1.417891342359055
8116,1.2980687027195705
8117,1.1840131661937088
8118,1.5541965030477805
8119,1.9922274680342356
8120,2.423966593485841
8121,2.7691128049296627
8122,2.712724785641012
8123,2.6767488048045545
8124,2.712232905037685
8125,2.6960608385867264
8126,2.6023678343853964
8127,2.394139930746049
8128,2.0445563427713225
8129,2.1108253586294254
8130,2.388919509796396
8131,2.4641533864789467
8132,2.487115791823959
8133,2.47903772585546
8134,2.3872150238792473
8135,1.8945404351366595
8136,1.3718511728613376
8137,1.2036018573481315
8138,1.0582173035874232
8139,0.9245008522297001
8140,0.8074375211820911
8141,0.7128206141412687
8142,1.0874167012338054
8143,1.3939164243525364
8144,1.7501457166163201
8145,2.104982097043349
8146,2.110381234263322
8147,2.1185850488219717
8148,2.1867911936720104
8149,2.199383574483774
8150,2.1339834402969173
8151,1.9525461226031549
8152,1.6432151338374776
8153,1.7493025705519905
8154,2.0479939855229716
8155,2.14804774931375
8156,2.2008129263639864
8157,2.220706220033287
8158,2.1571861735190283
8159,1.698962853302484
8160,1.2042548709664742
8161,1.0702977826367999
8162,0.9647603719798402
8163,0.8718256485153629
8164,0.781273644104213
8165,0.6916383963587159
8166,1.0601379766847079
8167,1.3159063115285272
8168,1.7063196487828138
8169,2.0986407624333
8170,2.15593848900163
8171,2.164554042972413
8172,2.2393596292988835
8173,2.27722941429721
8174,2.1957246843859908
8175,1.948760037029026
8176,1.7418312805301788
8177,1.8977072672172965
8178,2.2057783080278863
8179,2.3085047479509786
8180,2.3686630798962103
8181,2.40468034076977
8182,2.3711950262161423
8183,1.9445805783350971
8184,1.466663819800878
8185,1.3619799863553173
8186,1.2860000231690771
8187,1.2018772336085013
8188,1.136210100629691
8189,1.0888932708475054
8190,1.3980981792115936
8191,1.1767893818117334
8192,1.223625674587487
8193,1.5984812388735818
8194,1.7445545855571427
8195,1.7744825804420106
8196,1.833742444115459
8197,1.857159261711763
8198,1.8176643025096608
8199,1.7352065286113474
8200,1.5850494822615686
8201,1.69666327232327
8202,1.9913313719843457
8203,2.0917700158812034
8204,2.144324566026324
8205,2.109820127852014
8206,2.062964045889824
8207,1.64553573483598
8208,1.1384047316812458
8209,0.9977524202732606
8210,0.90643932230393
8211,0.8005094528117112
8212,0.7083366021074985
8213,0.6362495921135852
8214,0.9923324686838417
8215,1.2536752298873448
8216,1.757343546175771
8217,2.1482642334624216
8218,2.1783383185692706
8219,2.1869843674460228
8220,2.262219526650056
8221,2.3147879604159014
8222,2.288544585387369
8223,2.1200131324760307
8224,1.7917876262495576
8225,1.6768687483308131
8226,1.9528398965096279
8227,2.0335388166073733
8228,2.0687338906699684
8229,2.071117786883459
8230,2.080345336037461
8231,1.6203568315487316
8232,1.1161969186553928
8233,0.9767463007403747
8234,0.8598341644772486
8235,0.7560191061700442
8236,0.6622627877701488
8237,0.581127590823313
8238,0.9376931018299074
8239,1.2569873197350807
8240,1.7971108681974768
8241,2.1935765207412636
8242,2.2174376150905464
8243,2.205414284585298
8244,2.2569237379379645
8245,2.262202176083454
8246,2.1904387485611676
8247,2.027706132519269
8248,1.7340302808813866
8249,1.624248271221538
8250,1.9112734475866466
8251,2.0037966970234202
8252,2.051628129625558
8253,2.0750581860268804
8254,2.101929527472387
8255,1.658933720769838
8256,1.1440922042077755
8257,1.0232370463371767
8258,0.9228217932226572
8259,0.8335969867114983
8260,0.7558787676548073
8261,0.6838511971905049
8262,0.9884860717614775
8263,0.735370756373976
8264,0.7339067672077214
8265,1.0614695661147378
8266,1.2478029565680215
8267,1.2457567182090936
8268,1.2465668946086763
8269,1.2815158196408967
8270,1.2268470167029482
8271,1.111876364450208
8272,0.9649711291713325
8273,1.113564343374927
8274,1.3826072392202131
8275,1.4778070305591016
8276,1.537344743729739
8277,1.5773171201339926
8278,1.5524029725024346
8279,1.1559455518283335
8280,0.7172808413881504
8281,0.6440438139775154
8282,0.5887444740390403
8283,0.5389710994864467
8284,0.48909534171630525
8285,0.44194036062446795
8286,0.7758922788006618
8287,0.6842553370651362
8288,0.9840067365194469
8289,1.481388397860773
8290,1.6418050306669973
8291,1.6784981447433198
8292,1.6702267471820216
8293,1.7203914298475944
8294,1.7308836555603906
8295,1.485724394771167
8296,1.195127855438611
8297,1.300633618109653
8298,1.5080261186879944
8299,1.553219594436947
8300,1.5891305640377822
8301,1.5929037577578726
8302,1.5216857805748538
8303,1.0866435325230959
8304,0.6386367083863407
8305,0.544594508013376
8306,0.46848523806213593
8307,0.3904099258544097
8308,0.3096880140138644
8309,0.2297309485541227
8310,0.5493591442051233
8311,0.48703878969915426
8312,0.8565566362982344
8313,1.378326856671143
8314,1.487268826483089
8315,1.5067053603386475
8316,1.5208144689261753
8317,1.4994067619057256
8318,1.4453232726861596
8319,1.323219010152228
8320,1.1014355570940313
8321,1.230135465410583
8322,1.5013948404316422
8323,1.5913152044310328
8324,1.6408684740057553
8325,1.6665468939995651
8326,1.6224871769789744
8327,1.199459384643735
8328,0.7418800104931147
8329,0.6422829881960949
8330,0.5593052436846578
8331,0.4893524222188209
8332,0.4150991918236743
8333,0.33257863473813226
8334,0.6662437137308399
8335,0.8012429270230006
8336,1.403232310549438
8337,1.85798852676961
8338,1.8254477399475353
8339,1.8001731992159378
8340,1.8624954036877859
8341,1.8877951587483368
8342,1.8377106923750228
8343,1.6609228965703098
8344,1.3170466948246677
8345,1.4241408400542632
8346,1.7074383602575993
8347,1.7986355520237693
8348,1.8443340111735922
8349,1.8601409540491258
8350,1.7970050004274198
8351,1.3463262198856134
8352,0.8576262289253118
8353,0.7295370186020886
8354,0.6163616314800384
8355,0.5188725232672194
8356,0.4369775541769866
8357,0.3442107774177543
8358,0.6644655413323743
8359,0.7848014522458934
8360,1.3736472721497688
8361,1.8569146770954574
8362,1.8402422617585934
8363,1.7877927595922025
8364,1.839339855959739
8365,1.8647652890559658
8366,1.8294929884530176
8367,1.6686269594915428
8368,1.3345910237669685
8369,1.456177630002926
8370,1.759186000198724
8371,1.8710840574188203
8372,1.9356320421735216
8373,1.967560193736368
8374,1.9244979899448642
8375,1.4925512241875287
8376,1.0445898676083911
8377,0.927627413514681
8378,0.8264943850418064
8379,0.7340177380886903
8380,0.6498462704457435
8381,0.5762471314871424
8382,0.9303436937989783
8383,1.2663786392324454
8384,1.8722257349081777
8385,2.3069911449120535
8386,2.2941507111330672
8387,2.270429515276857
8388,2.3490955389731485
8389,2.3835097282237863
8390,2.340399594513309
8391,2.1658584709567608
8392,1.807516553162294
8393,1.695479872890207
8394,1.976860051983691
8395,2.054225462800809
8396,2.082346749158412
8397,2.0797705850799444
8398,2.083740231797923
8399,1.6209025576506526
8400,1.1161500753522358
8401,0.9745460956454978
8402,0.8559468705195482
8403,0.7510586573237379
8404,0.6556784433199406
8405,0.5757426556263369
8406,0.9199469783455685
8407,1.1614859105333428
8408,1.6599152270472965
8409,2.0170531219186003
8410,2.0038720394824003
8411,1.9688379203526423
8412,2.035761024456253
8413,2.0992402796757665
8414,2.0710059991852954
8415,1.910683358768206
8416,1.570572562422978
8417,1.456751590411357
8418,1.7245971326362524
8419,1.7958669736270476
8420,1.822556914066007
8421,1.821925546843384
8422,1.8312677777568276
8423,1.3825293691914537
8424,0.8713911531130288
8425,0.7492922990018905
8426,0.6460071457455036
8427,0.560064466717803
8428,0.48526231144657184
8429,0.40444726154776617
8430,0.7269634540228194
8431,0.8313225595448265
8432,1.4099644021389826
8433,1.890923715335954
8434,1.868744699172873
8435,1.8374667193823206
8436,1.9113381692020064
8437,1.9393058720384986
8438,1.8957582631521572
8439,1.7367367698549325
8440,1.4143654017301275
8441,1.5303287017127332
8442,1.8354933090306593
8443,1.9430380282068098
8444,1.991999584200338
8445,2.0181825199438763
8446,1.963116118189406
8447,1.509539503790843
8448,1.0166515033110242
8449,0.8825198951613864
8450,0.7686472939352861
8451,0.7042104610772203
8452,0.6432961586922176
8453,0.5296726683657974
8454,0.8572125515961312
8455,1.0117216727556955
8456,1.5888797409680373
8457,2.0409594299124136
8458,2.0411065052003443
8459,2.0117352108810382
8460,2.098601101090198
8461,2.1383958063104402
8462,2.108389090960692
8463,1.95600937684177
8464,1.6212076072278678
8465,1.733882052602018
8466,2.0388833605983994
8467,2.1475218172366315
8468,2.204385917915008
8469,2.223740748380747
8470,2.170957449159788
8471,1.7252600685062687
8472,1.234885964044428
8473,1.100489341753775
8474,0.9836977180589914
8475,0.8798737602680767
8476,0.7865646674950262
8477,0.7014684909659199
8478,1.0499346597469774
8479,1.203873170326744
8480,1.7473150514281204
8481,2.1916714025891015
8482,2.194692082604774
8483,2.171341972313116
8484,2.245843044961267
8485,2.268198845896099
8486,2.2175047402969215
8487,2.057524646748519
8488,1.7259326301196445
8489,1.8246812136270625
8490,2.1280707424242506
8491,2.234876232819868
8492,2.2877383536329576
8493,2.30998545834558
8494,2.259836385344581
8495,1.812171123781085
8496,1.3121994762299434
8497,1.172458987225152
8498,1.0626711446878179
8499,0.9688052524317421
8500,0.8770737064271651
8501,0.7926280811909724
8502,1.1275215422769693
8503,1.1588775447885458
8504,1.4870036887165343
8505,1.9139527525606652
8506,2.0388046907932513
8507,2.0370334906652516
8508,2.0797191462272013
8509,2.0981192375621576
8510,2.0710458318349287
8511,1.9635070058664508
8512,1.690375269444344
8513,1.8023299544439553
8514,2.109208107009897
8515,2.2192450518319697
8516,2.278578023580369
8517,2.305085209288562
8518,2.2532818644261163
8519,1.7992635538057757
8520,1.2969264687483935
8521,1.1568004504130847
8522,1.0395084900496878
8523,0.9344910329527634
8524,0.8364438291363967
8525,0.7500080344129777
8526,1.085342785073811
8527,1.1199181887078904
8528,1.5434251982363347
8529,1.90061220827334
8530,1.8132590789433574
8531,1.7721942875171406
8532,1.843423271327364
8533,1.8884825241026646
8534,1.858767358430434
8535,1.738875303682517
8536,1.5492376090054707
8537,1.6537730935564565
8538,1.9602562288464875
8539,2.0772725348635923
8540,2.1508331747080067
8541,2.19573720756366
8542,2.1506675493118803
8543,1.7080409725069319
8544,1.2543898193325214
8545,1.1278426617353203
8546,1.0245328535533813
8547,0.9284361766763346
8548,0.8406262258445101
8549,0.7665749038821759
8550,1.1282318095419166
8551,1.476233563194544
8552,2.097703085417378
8553,2.5659813081844067
8554,2.544014701379461
8555,2.493158321884374
8556,2.5451608376942167
8557,2.523829624426715
8558,2.421074817693448
8559,2.271819925237008
8560,2.072823029609719
8561,1.9801578217119387
8562,2.28931103983246
8563,2.3925813820767785
8564,2.445527765194936
8565,2.466080553631756
8566,2.493493624588496
8567,2.047894694596045
8568,1.555880449120504
8569,1.419403991675029
8570,1.3000721017017307
8571,1.187423228389251
8572,1.081070447457993
8573,0.9845505176085854
8574,1.2879504980162482
8575,1.417177238718654
8576,1.9714211923365346
8577,2.549637271511397
8578,2.582655229247426
8579,2.6263042163317647
8580,2.7516254424139643
8581,2.7839544818189337
8582,2.7612442343569366
8583,2.606445936479424
8584,2.254093498126053
8585,2.1447690294240567
8586,2.448990911577366
8587,2.5480065456469188
8588,2.5961293504178404
8589,2.6088904263253494
8590,2.620596787179288
8591,2.1523362045458554
8592,1.6092829263350024
8593,1.454826018822693
8594,1.3230737040572733
8595,1.2028748697004723
8596,1.0873282463045655
8597,0.9767263432738286
8598,1.3005036810588961
8599,1.4753470089868133
8600,2.0762775130215902
8601,2.566397356744507
8602,2.5700709071332364
8603,2.5367861563031733
8604,2.6138620513616186
8605,2.651070293633414
8606,2.615255088633842
8607,2.4439720755152385
8608,2.081189556675504
8609,2.1838982420728454
8610,2.5043618092739997
8611,2.618919377662704
8612,2.6767634367026
8613,2.695375881101106
8614,2.6296397732414674
8615,2.1566529185210683
8616,1.6367251911358707
8617,1.4782442308393346
8618,1.3425342595958967
8619,1.2189231027338143
8620,1.1042905558528402
8621,0.997694024249277
8622,1.3174036524979966
8623,1.453277151783863
8624,2.0180641672071955
8625,2.5139975129949623
8626,2.536057989762769
8627,2.5107758831631135
8628,2.5800639638921936
8629,2.605431461281138
8630,2.5627080911105726
8631,2.392746559201172
8632,2.03125785326276
8633,2.126499447495586
8634,2.437508672340848
8635,2.5420801013871293
8636,2.590832565028443
8637,2.6033885054691885
8638,2.536123206087852
8639,2.0678529808957244
8640,1.5540943107487848
8641,1.3939965003723025
8642,1.2536682128805143
8643,1.1250439859622237
8644,1.0106851980087153
8645,0.9048259071417424
8646,1.2197283870999953
8647,1.2901216968565379
8648,1.7650555249208102
8649,2.204316493703685
8650,2.273336490668666
8651,2.283545912776255
8652,2.354991784146331
8653,2.354409396966534
8654,2.3074274790640508
8655,2.187535304295504
8656,1.8689608448780801
8657,1.9780622124299334
8658,2.291085859427499
8659,2.404854390955296
8660,2.4677233002306145
8661,2.496894794696783
8662,2.4423368696195062
8663,1.98127638096775
8664,1.472949901024584
8665,1.3103345702107252
8666,1.1562435214562803
8667,1.0568844805067448
8668,0.9694259372467001
8669,0.8689524907499854
8670,1.193502952136844
8671,1.3393732450788778
8672,1.919063525168
8673,2.363104079354104
8674,2.336939725179736
8675,2.313297886891509
8676,2.39902931078339
8677,2.439056951969891
8678,2.3841487736694447
8679,2.202752434371571
8680,1.8582026165181595
8681,1.9591285223526635
8682,2.277045984473907
8683,2.389508750505035
8684,2.4461346147639325
8685,2.468653536239754
8686,2.4106479184178955
8687,1.9489983731448426
8688,1.440690864745533
8689,1.2775962441576731
8690,1.1226708116798645
8691,1.021956906188665
8692,0.9397222041976557
8693,0.8443050287834113
8694,1.1727198361600095
8695,1.3170555961665302
8696,1.8858967393093793
8697,2.3688854465249514
8698,2.385145307647604
8699,2.3470611114522835
8700,2.4061646920746975
8701,2.429803388453054
8702,2.385149785291362
8703,2.2110798254915967
8704,1.8442117645147682
8705,1.927583817670468
8706,2.217600059685781
8707,2.3059328321069845
8708,2.3444654335637938
8709,2.3524462498962406
8710,2.281871880261224
8711,1.8152821779268227
8712,1.3341569990625286
8713,1.1749527293441577
8714,1.0241451543424358
8715,0.9325651245773047
8716,0.8632529626195987
8717,0.7828087118977783
8718,1.063569462211093
8719,1.1355369802848083
8720,1.3052296666989436
8721,1.4847936263583241
8722,1.5316494801257958
8723,1.568996125383727
8724,1.4180754692092716
8725,1.3933910657932382
8726,1.4899621174149178
8727,1.4064726686896631
8728,1.162834360087262
8729,1.0815746616400819
8730,1.269008603055112
8731,1.310010688223779
8732,1.340324525892897
8733,1.3400611093476111
8734,1.3708827747304095
8735,0.9867917730825513
8736,0.5624519419806138
8737,0.47535777322853845
8738,0.3946162511374366
8739,0.33153995650595486
8740,0.2929277814406145
8741,0.24035127248906074
8742,0.5651880468668433
8743,0.5220916920596032
8744,0.6484205166986907
8745,0.9020114295189602
8746,1.0384308633035086
8747,1.2601371257577765
8748,1.3897626146248558
8749,1.492840246123652
8750,1.5192464927638032
8751,1.4052011719144137
8752,1.207978915396491
8753,1.150348207058406
8754,1.3872896442811689
8755,1.4595885969548357
8756,1.5157311524804673
8757,1.510828966266509
8758,1.54242054779672
8759,1.1330577729174631
